Feature_Index,Feature,RF_Mean_Importance,RF_Std_Importance,RF_CI_Lower,RF_CI_Upper,RF_CV_Robustness,RF_Ranking_Stability,RF_Consistency_Index,Perm_Mean_Importance,Perm_Std_Importance,Perm_CI_Lower,Perm_CI_Upper,Perm_Ranking_Stability,Perm_Consistency_Index,Mutual_Information
93,eeg_3_percentile_75,0.017623207479769816,0.007064026028444769,0.015615633495345824,0.01963078146419381,2.4947823180900066,0.66,0.06019407579430842,0.0022337662337662324,0.018408677473082568,-0.0029979220179189134,0.007465454485451379,0.2,0.01768815390515787,0.12087844098095601
54,eeg_2_percentile_75,0.016775287846492737,0.007000085759321797,0.014785885485493044,0.01876469020749243,2.3964402985362825,0.68,0.05648189078327409,0.0063896103896103895,0.022224377999292687,7.351204686292714e-05,0.012705708732357851,0.18,0.01758608700821864,0.0929674762001389
20,eeg_1_mean_freq,0.015496451420378915,0.005937212560378326,0.013809114280309644,0.017183788560448186,2.610054971383064,0.64,0.06454192259361692,-0.001714285714285716,0.024498486867014075,-0.008676678646294553,0.00524810721772312,0.14,0.015578147812475178,0.08526040874805152
50,eeg_2_median_abs,0.014636427386927433,0.00556258449837898,0.013055558364058835,0.016217296409796033,2.6312278272932166,0.54,0.06631374691962932,0.005948051948051945,0.023899838154800138,-0.0008442069023991217,0.012740310798503011,0.22,0.0162367242067587,0.10705251615774758
49,eeg_2_mean_abs,0.01459678009906831,0.006424175170464875,0.012771049716468447,0.016422510481668172,2.27216404978503,0.54,0.031489550081880834,0.0055411255411255385,0.023696544226520778,-0.0011933578141671598,0.012275608896418237,0.24,0.01707968516192586,0.05690634034564512
39,eeg_2_mean,0.014582593214234028,0.006746063572310811,0.012665383160009005,0.01649980326845905,2.16164476390702,0.42,0.04271229785266359,-0.0014632034632034697,0.022975864116292388,-0.007992871797350944,0.005066464870944004,0.18,0.016213864006945914,0.05483098686761023
33,eeg_1_gamma_power,0.013671818916449417,0.005375961801605838,0.012143987477167878,0.015199650355730955,2.5431391008119957,0.5,0.03777622201622193,0.004502164502164498,0.022849434617871894,-0.00199157296608997,0.010995901970418966,0.14,0.01689603520913875,0.04413150358612761
66,eeg_2_theta_power,0.012803187177017245,0.004854667437516887,0.011423505956797433,0.014182868397237057,2.637294331295433,0.44,0.030846108172848073,0.000251082251082247,0.021872585576757888,-0.005965037791393601,0.0064672022935580945,0.12,0.01762978156177765,0.002695196028843272
32,eeg_1_beta_relative_power,0.012522044757700988,0.004469903618365386,0.01125171220499256,0.013792377310409417,2.801412635858792,0.4,0.042356033290880876,0.0028658008658008606,0.021101378915258935,-0.0031311446685396245,0.008862746400141345,0.12,0.017260681950312794,0.05909860368232378
164,phase_sync_eeg_1_eeg_4,0.011803263163977656,0.005127627913179844,0.010346007434899811,0.0132605188930555,2.301895366364142,0.32,0.039774940473164995,0.0005714285714285665,0.027160138660594902,-0.00714739743074051,0.008290254573597642,0.42,0.016583484507112337,0.06787719791458069
61,eeg_2_freq_std,0.011506824213979966,0.004782669593589929,0.010147604554606667,0.012866043873353265,2.405941649995655,0.26,0.03066279421224082,0.003679653679653677,0.021711283856661306,-0.0024906249211846697,0.009849932280492024,0.14,0.019281660734458264,0.052345454092267873
11,eeg_1_median_abs,0.011191364306758673,0.004630070994850029,0.009875512689300309,0.012507215924217037,2.417104203692831,0.24,0.03001014891209614,0.0006320346320346312,0.012948633043417044,-0.003047926161872596,0.004311995425941858,0.06,0.017304528801118706,0.10359241202039882
47,eeg_2_rms,0.011126598739607479,0.004505942764415483,0.009846023974916861,0.012407173504298097,2.469316428194621,0.3,0.03681644701289783,0.002874458874458871,0.020063944553088357,-0.0028276510763695184,0.00857656882528726,0.18,0.01808152678408972,0.05447355260194531
10,eeg_1_mean_abs,0.010016867718428434,0.005022470886109225,0.008589497285777339,0.011444238151079528,1.9944102705883893,0.22,0.0272597809949686,0.0034632034632034615,0.01860061884206267,-0.0018230339219853743,0.008749440848392298,0.06,0.016424234649596865,0.04145602516148128
51,eeg_2_energy,0.00999762512863036,0.004198186037297899,0.008804513858044217,0.011190736399216502,2.381415402192049,0.14,0.028102319956116145,0.00227705627705627,0.01862756226598341,-0.003016838344487128,0.007570950898599668,0.1,0.020241518163046337,0.052115062035907656
92,eeg_3_percentile_25,0.00974009432469295,0.003860176223057615,0.008643044380440593,0.010837144268945309,2.5232252388351784,0.18,0.028457237626453368,-0.0018441558441558447,0.01091932798039383,-0.00494739452031031,0.001259082831998621,0.04,0.02701460162469744,0.07715731286748606
68,eeg_2_alpha_power,0.009693605523128429,0.005710933924556339,0.008070576059825628,0.011316634986431229,1.69737655547185,0.24,0.0215162585578499,0.00023376623376622995,0.019833305813451527,-0.005402796912501874,0.005870329380034334,0.08,0.02237552540136971,0.0
0,eeg_1_mean,0.009675254092108943,0.004069324461839459,0.008518764876062315,0.010831743308155572,2.3776068841595257,0.18,0.023411064000814382,0.0015757575757575737,0.015017530032580417,-0.0026921772368144674,0.005843692388329614,0.08,0.017116213229063756,0.04484003632851152
25,eeg_1_delta_power,0.009667650573175169,0.004008853301472247,0.00852834707075308,0.010806954075597256,2.411574982917743,0.16,0.03162680782517783,0.0006320346320346282,0.02304432896464351,-0.0059170911967262275,0.007181160460795483,0.14,0.016684623303600116,0.09514437133186515
53,eeg_2_percentile_25,0.009604602707943437,0.005011689744508674,0.008180296241833874,0.011028909174053,1.916439964549529,0.16,0.023691603057594275,0.0013766233766233755,0.016865500855132352,-0.0034164989327657826,0.006169745686012533,0.08,0.02261590579765564,0.05541875365813431
28,eeg_1_theta_relative_power,0.00914558457650342,0.004877486986254676,0.007759418112288496,0.010531751040718343,1.875060746398845,0.18,0.025650110408206875,0.002450216450216449,0.01741822864142844,-0.002499989357983173,0.007400422258416071,0.06,0.017375463455444523,0.06792077233932514
113,eeg_3_sample_entropy,0.008476141834046404,0.0036613032332162535,0.007435610968149996,0.009516672699942812,2.3150613490963012,0.1,0.025017004661361385,-0.002458874458874461,0.017414748832063766,-0.0074080913161949195,0.0024903423984459967,0.06,0.019830924473640037,0.0
150,eeg_4_gamma_power,0.008436277917957067,0.0035097912871869335,0.00743880627069223,0.009433749565221904,2.4036408399527893,0.06,0.027820310054365836,-0.0016883116883116924,0.017386059640054657,-0.0066293751674764475,0.003252751790853063,0.04,0.02118959704712847,0.05216183264170615
69,eeg_2_alpha_relative_power,0.00814079776711528,0.003870315441962232,0.007040866288733047,0.009240729245497513,2.1033938134635743,0.06,0.025160111814967377,0.002086580086580086,0.014412838551324256,-0.0020095033084738985,0.006182663481634071,0.1,0.02431473929591168,0.0
147,eeg_4_alpha_relative_power,0.008083194460299446,0.004259899373491652,0.006872544453624889,0.009293844466974004,1.8975082653004507,0.1,0.02370815048101996,-0.0019134199134199176,0.020405750911564127,-0.007712670156515567,0.003885830329675732,0.06,0.018200917903762007,0.03695916319375403
81,eeg_3_skewness,0.008059285558301077,0.0033876265489971107,0.007096532745482246,0.009022038371119907,2.3790359426671137,0.1,0.02517543154874178,0.0017142857142857105,0.019567666543522995,-0.0038467835867725233,0.007275355015343945,0.1,0.021463745020687902,0.06019207545968519
78,eeg_3_mean,0.007957042287181179,0.0038689253988826024,0.006857505854671181,0.009056578719691177,2.056654306080404,0.08,0.024918858484970687,0.001194805194805193,0.0161931520811135,-0.0034072377072113993,0.005796848096821785,0.12,0.02284803207343561,0.0
26,eeg_1_delta_relative_power,0.007885965130042177,0.0032429296124719897,0.006964334731583651,0.008807595528500703,2.431740996332276,0.08,0.02671350603910884,0.0005627705627705621,0.02017729367012465,-0.005171552850692759,0.006297093976233884,0.1,0.016807909655266934,0.023650446229376065
157,coherence_eeg_1_eeg_2,0.007715675785432586,0.004447079429108282,0.0064518297955402665,0.008979521775324906,1.7349983815062815,0.1,0.02405998487196877,-0.0009264069264069306,0.010086490904980781,-0.0037929559245887478,0.0019401420717748866,0.04,0.019232196470386466,0.009826439787518293
127,eeg_4_mean_abs,0.0075783529918247786,0.0032908315414806395,0.0066431090157698155,0.008513596967879742,2.3028686415616995,0.08,0.026982095318435522,-0.0024329004329004347,0.012360922859369001,-0.005945835840558392,0.0010800349747575222,0.0,0.021327383558510604,0.03432562011209739
14,eeg_1_percentile_25,0.00750771127168745,0.003336879506393647,0.006559380608802232,0.008456041934572667,2.2499197325855738,0.04,0.023780816762916573,-0.005645021645021652,0.01977610476867455,-0.011265328434233068,-2.471485581023551e-05,0.04,0.01896882226673905,0.0
159,corr_eeg_1_eeg_3,0.007449928667501548,0.003660342838433991,0.006409670742782293,0.008490186592220802,2.0353089294657347,0.08,0.023429019095447066,-0.003766233766233771,0.017161922582839582,-0.008643598198537935,0.0011111306660703943,0.06,0.016456060806652965,0.0
128,eeg_4_median_abs,0.007400262320483526,0.003337662823516944,0.006451709041335012,0.008348815599632041,2.217198827461511,0.06,0.02478101011998323,-0.00032900432900432973,0.011441537967626347,-0.0035806534414387424,0.002922644783430083,0.04,0.02316836646493121,0.11798407381772091
30,eeg_1_alpha_relative_power,0.0071314146516554796,0.002934978405378494,0.00629730301789904,0.007965526285411919,2.4298013217428363,0.04,0.028596003167772974,-0.0016969696969697011,0.025450398696301717,-0.008929892977571272,0.005535953583631871,0.06,0.018401969403038666,0.022734953256447143
59,eeg_2_mean_freq,0.0070546534908971035,0.004147711242958868,0.005875886998143907,0.008233419983650299,1.7008544972332862,0.08,0.020809799381335082,-0.0012467532467532513,0.01881193026317031,-0.006593044673351212,0.004099538179844709,0.02,0.023557008885325748,0.07780699173033434
42,eeg_2_skewness,0.007052192089886711,0.002503260454461933,0.006340773340241817,0.007763610839531604,2.8172025789790602,0.02,0.02910906931139269,0.0011948051948051893,0.020866260705177157,-0.004735320483560271,0.00712493087317065,0.06,0.021571679510365236,0.00794749090377933
43,eeg_2_kurtosis,0.006959140774286614,0.003172009854260177,0.006057665548104403,0.007860616000468825,2.193921480271561,0.0,0.02372145900869996,0.0006233766233766225,0.019070265954389487,-0.004796332994328145,0.00604308624108139,0.04,0.022566155448158647,0.07909858823412219
70,eeg_2_beta_power,0.006879428908146826,0.003997702992467734,0.005743294288481626,0.008015563527812027,1.7208453827170636,0.06,0.022926348888503756,0.000805194805194799,0.016901313315368777,-0.003998105292781117,0.005608494903170716,0.06,0.024262690642402256,0.03205157232611833
88,eeg_3_mean_abs,0.00683106864873654,0.004045893524007115,0.0056812384315431804,0.007980898865929899,1.688395514949537,0.08,0.021906261273059224,0.0011515151515151493,0.011971433925153709,-0.0022507287257884385,0.0045537590288187366,0.0,0.027995611010810717,0.018224268633387997
35,eeg_1_sample_entropy,0.006830173648232494,0.003462891641021317,0.005846030732931788,0.007814316563533201,1.9723901753330755,0.06,0.023168297717205074,-0.0026320346320346326,0.012868970029120031,-0.006289355447779338,0.0010252861837100721,0.04,0.024634449355259595,0.0
171,corr_eeg_3_eeg_4,0.0066752377933870025,0.0032660909257959635,0.0057470250225126526,0.007603450564261352,2.0438002923571954,0.04,0.022987968590470496,0.002259740259740257,0.01559554436703385,-0.002172464409114907,0.006691944928595421,0.36,0.020308902448915443,0.03286727761601904
139,eeg_4_freq_std,0.006644059651955119,0.0032732711903919244,0.00571380627246097,0.007574313031449269,2.029791930616174,0.02,0.022951431735498233,-0.0014805194805194842,0.012032791288419466,-0.004900200927524709,0.0019391619664857406,0.02,0.02166076085473794,0.07414518210147114
152,eeg_4_sample_entropy,0.006636329600678542,0.0026760378961735026,0.005875808045398624,0.007396851155958461,2.4799085850678897,0.0,0.02611794015663576,0.0003982683982683947,0.01625213160290907,-0.00422053629838114,0.00501707309491793,0.12,0.02080995215536193,0.009504607791085196
22,eeg_1_freq_std,0.006628664092425434,0.0032987951749251982,0.005691156876787206,0.007566171308063661,2.0094196638425044,0.04,0.024313392787945726,0.00017316017316016947,0.010613390876191219,-0.002843132140000445,0.0031894524863207837,0.06,0.018561810804360843,0.04013696947921819
117,eeg_4_mean,0.006627998246325383,0.0035222321529926556,0.005626990944118916,0.0076290055485318505,1.8817607046480032,0.06,0.022588432317254246,-0.0007359307359307376,0.009060865631681646,-0.0033110002565239914,0.0018391387846625165,0.02,0.024845215106217393,0.03350576386771298
86,eeg_3_rms,0.006602981872821233,0.0024776917884146363,0.005898829657666202,0.007307134087976263,2.664972954747083,0.02,0.02790057021110407,-0.001341991341991344,0.014375488613902471,-0.005427460002277095,0.0027434773182944067,0.02,0.02918366164408083,0.028167129755493958
90,eeg_3_energy,0.006558879197099096,0.003467097295685869,0.005573541047967423,0.007544217346230769,1.8917493362777607,0.06,0.021967931955498586,2.597402597402293e-05,0.014726865525468872,-0.0041593548476727,0.004211302899620746,0.06,0.025165109540352976,0.03162624925234936
74,eeg_2_sample_entropy,0.0063635587661632085,0.003478707373848484,0.005374921069325661,0.007352196463000756,1.8292882669790058,0.04,0.022625515071117992,-0.0026666666666666683,0.013202075010410258,-0.00641865487064402,0.0010853215373106831,0.02,0.029433698870942163,0.0
77,eeg_2_hurst_exp,0.00633378791053053,0.0027926286575172187,0.005540131627496874,0.007127444193564186,2.2680379171349547,0.04,0.0271291257171626,-0.0024155844155844186,0.014595381741975753,-0.006563546011413716,0.0017323771802448791,0.0,0.027072312488049168,0.0
162,corr_eeg_1_eeg_4,0.0063092701443603575,0.0036532756818568398,0.005271020683317625,0.00734751960540309,1.7270172089645976,0.04,0.02238282610718169,-0.0018528138528138562,0.015098494739314756,-0.00614375858044593,0.002438130874818218,0.16,0.020551095346847292,0.007028022531480715
120,eeg_4_skewness,0.006278254344547197,0.0030972620662927143,0.005398022204660601,0.007158486484433793,2.02703355656263,0.08,0.023351697977805064,-0.00017316017316017376,0.009754390903659165,-0.0029453273952562598,0.0025990070489359126,0.04,0.022579683195922573,0.04281911822823736
34,eeg_1_gamma_relative_power,0.006249790430350932,0.0037183696907093673,0.0051930414566807,0.007306539404021164,1.6807877597237675,0.04,0.022891248477085912,-0.0009264069264069236,0.013705660521793056,-0.004821512549192475,0.002968698696378628,0.02,0.02371196231830359,0.007309475878972238
110,eeg_3_beta_relative_power,0.006237296481989042,0.003330370881358341,0.005290815549872459,0.007183777414105625,1.8728533598515409,0.02,0.021645693341365603,-0.0062943722943723,0.021864036538945728,-0.012508062727184419,-8.068186156018169e-05,0.04,0.020931244493114155,0.0038842847179321183
130,eeg_4_iqr,0.00623448122349825,0.004052949067713459,0.005082645842969735,0.007386316604026766,1.538257936507884,0.02,0.023300702397165418,-0.004329004329004328,0.02141873052268914,-0.010416140192262993,0.0017581315342543365,0.02,0.02107142244284904,0.009764685763427039
112,eeg_3_gamma_relative_power,0.006196778595485749,0.0030148254279349232,0.0053399746889980755,0.007053582501973423,2.0554352276996872,0.04,0.022908917401899834,-0.0020779220779220792,0.024178642130113226,-0.008949416141456836,0.0047935719856126765,0.06,0.019888455148024824,0.06165617739548468
149,eeg_4_beta_relative_power,0.006173341029318125,0.0031930922670105233,0.005265874247726002,0.0070808078109102475,1.93334245294564,0.04,0.02256560995731453,-0.0018874458874458889,0.01825398171437202,-0.00707517009094697,0.003300278316055192,0.04,0.0203374123216934,0.0
52,eeg_2_iqr,0.006138858907956945,0.0034054990852015092,0.005171026776549091,0.0071066910393648,1.8026311486530862,0.06,0.022995263235045228,-0.0005714285714285755,0.012536916121981148,-0.004134380710909338,0.002991523568052187,0.0,0.026627589801497657,0.0026197473684890227
124,eeg_4_range,0.006059155110210027,0.002584750705527329,0.005324577087458791,0.006793733132961263,2.344193141270292,0.02,0.0250927455053398,0.00032900432900432236,0.014651888474617911,-0.003835016302556214,0.0044930249605648585,0.06,0.02353006281124521,0.10023401824309919
27,eeg_1_theta_power,0.006037917557779442,0.0026542846836941007,0.0052835781970831,0.006792256918475783,2.274781362901147,0.0,0.026789592569578923,0.0007619047619047614,0.013947608560673001,-0.0032019617327238292,0.004725771256533352,0.04,0.02051913332076904,0.0773135546094661
161,phase_sync_eeg_1_eeg_3,0.0060331714039451355,0.002701769757815471,0.005265336934500519,0.006801005873389752,2.233044160476083,0.0,0.02538431817519547,0.0007619047619047581,0.01568857926245638,-0.003696740131680863,0.005220549655490379,0.08,0.022209750205607434,0.1460754623280882
100,eeg_3_freq_std,0.005989514442663858,0.0030441648500770763,0.005124372364661323,0.0068546565206663935,1.9675393879402652,0.02,0.023154690182434844,-0.0019047619047619084,0.014630753805464008,-0.0060627761298069635,0.002253252320283147,0.02,0.025900611832144572,0.0
143,eeg_4_delta_relative_power,0.005979165683703807,0.002779013993928526,0.00518937864525069,0.006768952722156924,2.1515420511061234,0.0,0.02437624951276165,-0.00303896103896104,0.011636405509098021,-0.006345990893919885,0.000268068815997806,0.0,0.022025284461799705,0.13251584707590935
145,eeg_4_theta_relative_power,0.00596173686115545,0.0023318587250254277,0.005299029944042942,0.006624443778267959,2.556645709926475,0.0,0.027141563398228093,0.00019047619047618904,0.014188878145877102,-0.0038419583615941656,0.004222910742546543,0.0,0.02575457486574157,0.0
8,eeg_1_rms,0.005955548381081013,0.003251951214608665,0.005031354071663711,0.006879742690498315,1.8313768580504395,0.06,0.024578145697569883,0.0020692640692640692,0.012210951051202283,-0.001401049822099897,0.005539577960628036,0.06,0.017163152205863317,0.050506085349166785
103,eeg_3_delta_power,0.005945368295869057,0.002473484179200225,0.005242411870021916,0.006648324721716198,2.403641028109315,0.0,0.025799088514974804,1.731601731601813e-05,0.006820598760785765,-0.0019210767030973684,0.0019557087377294045,0.02,0.032748102623804246,0.1602671144914385
158,phase_sync_eeg_1_eeg_2,0.005935525733488353,0.002957791835258413,0.005094930594696968,0.006776120872279738,2.006742145292172,0.0,0.021950159372775346,-0.002060606060606062,0.01018983987685546,-0.004956526511613379,0.0008353143904012558,0.02,0.023042666789824754,0.04777194841691612
3,eeg_1_skewness,0.005911760808042077,0.002929893592074752,0.005079094262237344,0.00674442735384681,2.0177390135461772,0.02,0.02401774015216616,-0.002450216450216451,0.014310515006521559,-0.006517219815594333,0.00161678691516143,0.0,0.018180680854245186,0.013596061410840576
44,eeg_2_max,0.005903712501869777,0.004152735709350734,0.004723518071567468,0.007083906932172085,1.4216441336278511,0.06,0.021682800619474574,-0.0026147186147186174,0.011929831140805964,-0.00600513911153071,0.0007757018820934744,0.02,0.02978902610985096,0.010436694572228511
18,eeg_1_complexity,0.005903543815451571,0.0037473465635377242,0.0048385597056414195,0.006968527925261722,1.5753930301922654,0.02,0.021659830150992022,-0.0031948051948051948,0.011200294620074491,-0.006377893706456106,-1.17166831542833e-05,0.0,0.024183162743674082,0.04295991035016167
160,coherence_eeg_1_eeg_3,0.005891529809206327,0.0028302550502032277,0.005087180223687661,0.006695879394724994,2.0816249760320313,0.02,0.023455772297858002,-0.0005108225108225099,0.010659443357355391,-0.003540202794317758,0.002518557772672738,0.06,0.023578845720975215,0.07044515338450497
165,corr_eeg_2_eeg_3,0.005826989017223878,0.0025859644643008287,0.0050920660480458825,0.0065619119864018735,2.253313559538017,0.02,0.024470507803347304,-0.0035670995670995676,0.01269116413870364,-0.007173888507899316,3.968937370018048e-05,0.36,0.02082702711647682,0.0
168,corr_eeg_2_eeg_4,0.005765830117429668,0.00322057667884487,0.004850552352419075,0.006681107882440261,1.7903097840436237,0.02,0.021281271849664128,-0.0013073593073593094,0.01247519305294968,-0.004852769944709783,0.002238051329991164,0.2,0.01970399686069201,0.0
104,eeg_3_delta_relative_power,0.0057566279911461585,0.0030231208604200315,0.0048974665488312405,0.0066157894334610765,1.9042003500734335,0.02,0.023553847297154255,0.0007532467532467502,0.00780701335140001,-0.0014654818920343126,0.0029719753985278127,0.04,0.028388813227676876,0.10077717170515843
65,eeg_2_delta_relative_power,0.00571678943471697,0.002624080455277296,0.004971034020759359,0.006462544848674581,2.1785876288057997,0.02,0.026289173836235028,-0.00015584415584415803,0.011071003491435551,-0.0033021885352923887,0.002990500223604073,0.02,0.02876811130469968,0.0
102,eeg_3_spectral_entropy,0.005672211393909078,0.0031564217283258102,0.004775166264100485,0.006569256523717671,1.7970384512635504,0.02,0.022497235027732945,-0.0015238095238095258,0.009401114422288054,-0.004195576680779346,0.0011479576331602948,0.0,0.027700463760353653,0.056422740835744056
148,eeg_4_beta_power,0.005636687113768944,0.00290767168606925,0.004810335963774096,0.006463038263763793,1.9385568690298867,0.0,0.021480474455769488,-0.00019047619047619205,0.004462999814803805,-0.0014588467039214584,0.0010778943229690743,0.04,0.03248960017908821,0.05832559812150939
29,eeg_1_alpha_power,0.005611932623338503,0.002627266655650005,0.004865271701253989,0.006358593545423018,2.1360345732955732,0.0,0.024209945003853407,-0.0007619047619047641,0.011716995427984529,-0.004091838018395811,0.0025680284945862834,0.02,0.023753309572505356,0.034796816969254296
15,eeg_1_percentile_75,0.005590874808603894,0.0022551842495439536,0.004949958536320005,0.006231791080887783,2.4791209684186075,0.0,0.02573652641624093,-0.00016450216450216674,0.015270255810083467,-0.0045042608483432875,0.004175256519338954,0.04,0.01809116607009919,0.003753362181349029
108,eeg_3_alpha_relative_power,0.005560410522804969,0.0031685284105807095,0.004659924711969048,0.006460896333640889,1.7548873252164263,0.02,0.022550683224239865,-0.0021038961038961075,0.015874644806880167,-0.006615420240123069,0.0024076280323308548,0.04,0.025353631752682237,0.0
146,eeg_4_alpha_power,0.005558240302050281,0.0022728960467427,0.004912290392697331,0.006204190211403232,2.4454440252432237,0.0,0.026994685741755724,-0.0020865800865800875,0.011148237667380349,-0.005254874175968633,0.0010817140028084584,0.02,0.023962606117345176,0.07106825378869353
163,coherence_eeg_1_eeg_4,0.005537354281330541,0.0031420833448950873,0.004644384075005852,0.00643032448765523,1.762319294965583,0.02,0.021464884964722368,-0.001722943722943728,0.020555522076274035,-0.007564758460093865,0.00411887101420641,0.16,0.020617690396258534,0.01671521688848676
6,eeg_1_min,0.005535889005921783,0.0027941276954216963,0.004741806701029406,0.006329971310814159,1.9812583429407147,0.0,0.023875615151464656,0.0011168831168831136,0.013182963292338498,-0.0026296735969151223,0.00486343983068135,0.06,0.017704938336765758,0.017556854286727486
17,eeg_1_mobility,0.005503814386261745,0.0024256572090743263,0.004814450234932273,0.006193178537591217,2.2689991556812688,0.0,0.0257116989084014,-0.0009090909090909108,0.010092152372704118,-0.003777248878597191,0.001959067060415369,0.02,0.01968006134201681,0.0
129,eeg_4_energy,0.005476474027694348,0.0028518897914668493,0.004665975916739096,0.0062869721386496,1.9202964476575786,0.02,0.024150232059654515,0.00042424242424242073,0.012102796771757721,-0.003015334360994995,0.0038638192094798364,0.0,0.02460263117293003,0.0037248005961831865
89,eeg_3_median_abs,0.005463201974925335,0.00288099346810289,0.004644432690586757,0.006281971259263913,1.8962909308134304,0.02,0.025590211262860665,-0.0007359307359307379,0.009979739975812005,-0.0035721414557215417,0.002100279983860066,0.0,0.037765156464587175,0.0
24,eeg_1_spectral_entropy,0.005459809775496632,0.003149942354012844,0.004564606063493364,0.0063550134874998995,1.7333046095941056,0.02,0.02362608509559823,-0.002251082251082251,0.016180287091801516,-0.006849468963590391,0.0023473044614258885,0.02,0.02231006184246826,0.07385419949916727
115,eeg_3_lyapunov_exp,0.005432369433756467,0.0029072572822867685,0.004606136056013506,0.006258602811499428,1.8685546958637405,0.0,0.02253090527415674,-0.003601731601731602,0.010561862142471295,-0.006603379610801337,-0.000600083592661867,0.0,0.02646973606218275,0.03499141134392647
5,eeg_1_max,0.0053738510455907515,0.0029947461774811903,0.00452275359894274,0.006224948492238763,1.794426154228521,0.02,0.022307561238506763,-0.00014718614718615104,0.016264988157715293,-0.004769644636284123,0.004475272341911821,0.06,0.01814836250026744,0.002701426695451037
72,eeg_2_gamma_power,0.005362154482010124,0.0029339029577574913,0.004528348487085824,0.006195960476934424,1.8276522354179792,0.0,0.022308344715357767,-0.0027619047619047636,0.019973350435268784,-0.008438268149322421,0.0029144586255128936,0.04,0.026651985212202276,0.0
169,coherence_eeg_2_eeg_4,0.005342636422819496,0.0030025497001561095,0.004489321239565483,0.006195951606073509,1.7793664646433907,0.02,0.02277460322507121,-0.0047272727272727275,0.016997247712189956,-0.009557837079159102,0.00010329162461364741,0.26,0.017607979514690057,0.045357879257564404
125,eeg_4_rms,0.005283729296901221,0.002835505779994466,0.004477887470486826,0.006089571123315615,1.863416801276932,0.0,0.022311513535325487,8.658008658005493e-06,0.012628378631185004,-0.0035802874883342425,0.003597603505650254,0.04,0.02326781434698047,0.0037248005961831865
76,eeg_2_lyapunov_exp,0.005268560835125795,0.002772853151068732,0.004480524688840635,0.006056596981410955,1.9000503662049733,0.02,0.02235770060092487,-0.0030043290043290107,0.0147599140473863,-0.007199050163983449,0.0011903921553254276,0.02,0.02667413552451803,0.0
56,eeg_2_mobility,0.005255394049143389,0.002167772734158735,0.004639319854666096,0.005871468243620682,2.424328770215857,0.0,0.026759851088505055,-0.0009264069264069314,0.012758159653009395,-0.004552235781704694,0.002699421928890831,0.02,0.029097735330863576,0.0
13,eeg_1_iqr,0.005202771987221973,0.0023802369012692307,0.004526316144546357,0.005879227829897588,2.1858209852412434,0.0,0.025218378048088918,-0.002441558441558441,0.015491488216276654,-0.00684419067957342,0.001961073796456538,0.02,0.02043267663846789,0.021986531004140497
67,eeg_2_theta_relative_power,0.005064064131042098,0.0024485374871326955,0.00436819747663557,0.005759930785448626,2.0681994663485055,0.0,0.025538226908201157,1.7316017316015773e-05,0.01171424411993525,-0.0033118353260789264,0.0033464673607109577,0.06,0.030143612534813697,0.011204113735874044
123,eeg_4_min,0.005059724018166634,0.0027161384335301574,0.004287806016266265,0.0058316420200670025,1.8628372432795337,0.02,0.02386857703752732,0.0017229437229437225,0.01168558249361905,-0.0015980620763787617,0.005043949522266207,0.06,0.027302814991439002,0.08158323285944391
156,corr_eeg_1_eeg_2,0.005027111895497863,0.0022574915559612834,0.004385539893985504,0.005668683897010223,2.226857353923296,0.0,0.026641515648223663,-0.003774891774891776,0.013698009494192814,-0.007667822999692027,0.0001180394499084754,0.0,0.019915648882468575,0.021446361006423054
154,eeg_4_lyapunov_exp,0.004891886803781497,0.0016650909052165846,0.004418673204404405,0.005365100403158588,2.937909572783495,0.0,0.03190676245397314,-0.0018441558441558452,0.013088724364754716,-0.00556393015106948,0.0018756184627577899,0.04,0.02035574342847845,0.0
63,eeg_2_spectral_entropy,0.004857778321320231,0.0026927236322308195,0.004092514732321192,0.00562304191031927,1.8040388856734835,0.02,0.02444635466542271,-0.0022424242424242415,0.015533271055965454,-0.00665693103209246,0.002172082547243977,0.02,0.029250892174136987,0.0
71,eeg_2_beta_relative_power,0.004849036125692885,0.0026498277867728344,0.004095963401086836,0.005602108850298934,1.8299438049912051,0.0,0.022306618905531213,-0.000935064935064937,0.009295314868619273,-0.0035767641915692384,0.0017066343214393641,0.02,0.03142424432770537,0.0
144,eeg_4_theta_power,0.004826543699496671,0.002354584396591773,0.004157378217985978,0.005495709181007363,2.0498494347869114,0.0,0.024610723829008595,-0.003194805194805195,0.014199897033674072,-0.007230371280138509,0.000840760890528119,0.0,0.020624279938212087,0.0
12,eeg_1_energy,0.0048223077827317,0.0023707803570017392,0.004148539460200762,0.005496076105262639,2.0340591928239276,0.0,0.024837396061194967,0.0003982683982683971,0.0062534801315239155,-0.0013789509910157234,0.0021754877875525174,0.0,0.02025318246970533,0.050506085349166785
137,eeg_4_mean_freq,0.004797045097054638,0.00209907249487744,0.004200495294552894,0.005393594899556383,2.2853164339152965,0.0,0.02747994571597619,-0.0001904761904761927,0.013534536322659442,-0.004036948853968746,0.003655996473016361,0.04,0.02403521429975033,0.03603401391954786
55,eeg_2_activity,0.004787710172036353,0.002932249953817149,0.00395437395563402,0.005621046388438686,1.6327769065273952,0.0,0.021748123661245445,-0.003004329004329006,0.009700219770745254,-0.005761100960792317,-0.0002475570478656947,0.0,0.04863269073708104,0.0
38,eeg_1_hurst_exp,0.0047556067635255135,0.0023947930540694686,0.004075014107995955,0.005436199419055072,1.9858110732629737,0.0,0.02410863561693704,-0.00412121212121212,0.01663537626064242,-0.00884893374447501,0.0006065095020507697,0.04,0.02763042927179207,0.0
122,eeg_4_max,0.004750302839699339,0.002488309542567059,0.004043133092201763,0.005457472587196916,1.9090481178213414,0.0,0.02524151007058962,-0.001316017316017318,0.014611517673302401,-0.005468564692790145,0.0028365300607555086,0.02,0.022545632986078055,0.05019748409716929
121,eeg_4_kurtosis,0.004750140162856104,0.0022572118339048647,0.004108647657472592,0.005391632668239617,2.104428074079246,0.0,0.02554376671930042,0.0009783549783549783,0.016587445384690723,-0.0037357448406812833,0.00569245479739124,0.04,0.023449537466404696,0.02526089029265055
142,eeg_4_delta_power,0.004744997756710142,0.002250530336371583,0.004105404111915591,0.005384591401504693,2.1083908397880915,0.0,0.026420087784238266,-0.0013160173160173213,0.013714941608348272,-0.005213760594417449,0.0025817259623828063,0.04,0.021268552237659902,0.03155540429387971
91,eeg_3_iqr,0.004739166121122905,0.002055153897294696,0.004155097845951958,0.0053232343962938515,2.3059907565862754,0.0,0.027749936492750298,-0.0005541125541125534,0.009756711454901063,-0.0033269392695746036,0.002218714161349497,0.02,0.03315905508250963,0.0
2,eeg_1_var,0.004722797049451656,0.002660037855432996,0.003966822655437994,0.005478771443465319,1.7754622785759793,0.02,0.024703418195107373,0.0011428571428571395,0.013146997277514193,-0.002593478142623316,0.0048791924283375955,0.0,0.017265838598153775,0.06059764473317841
84,eeg_3_min,0.004680905005409377,0.002188684419264924,0.0040588877757817875,0.005302922235036966,2.1386842024091584,0.0,0.02673664816272272,0.0005974025974025952,0.007421125644156187,-0.0015116579749053162,0.0027064631697105066,0.0,0.03824772559379982,0.0
16,eeg_1_activity,0.004658730067650474,0.0023267669978527077,0.003997470203389494,0.005319989931911453,2.0022330863926405,0.0,0.024255082453139933,-0.0005541125541125583,0.010981358923695336,-0.0036749802292967457,0.0025667551210716293,0.02,0.02152712276486033,0.06059764473317841
170,phase_sync_eeg_2_eeg_4,0.004619537053284889,0.0025591294365982444,0.003892240514597109,0.005346833591972668,1.8051204470975968,0.0,0.023514047949870158,-0.0032207792207792265,0.01665584851578946,-0.007954318994579811,0.001512760553021358,0.24,0.01678465206202714,0.006233556330521806
82,eeg_3_kurtosis,0.004581933575921293,0.0026046128540563544,0.003841710793014719,0.005322156358827867,1.7591610180643202,0.02,0.02456512660993111,-0.004173160173160175,0.011432099678385401,-0.0074221269534710515,-0.0009241933928492985,0.02,0.03244085143098367,0.017455985553783693
173,phase_sync_eeg_3_eeg_4,0.004562541069598923,0.002624107058977289,0.0038167780949534295,0.005308304044244416,1.7387022683087046,0.0,0.02407212185856647,-0.0035757575757575794,0.016370462856068687,-0.008228191642461946,0.001076676490946787,0.42,0.019393664187072387,0.08777950375466048
73,eeg_2_gamma_relative_power,0.004541270139821855,0.002152470024677703,0.0039295449272596355,0.005152995352384074,2.1097947366409255,0.0,0.025975954790302368,-0.0013333333333333324,0.008083464828161122,-0.0036306286190070534,0.0009639619523403888,0.0,0.0349966076753876,0.0542897230950683
75,eeg_2_approx_entropy,0.0045297551874605765,0.002307306552439156,0.0038740259205926747,0.005185484454328478,1.9632220028802725,0.0,0.025350498742199117,-0.0028484848484848506,0.011775557022205948,-0.006195061125906442,0.0004980914289367411,0.0,0.032267781058682776,0.01461330936205063
7,eeg_1_range,0.004526842520050994,0.002401834535495252,0.0038442486976421964,0.005209436342459792,1.8847436260396715,0.02,0.02701409508083193,0.00037229437229437167,0.008711527230968264,-0.0021034942733122322,0.0028480830179009754,0.0,0.01830988750388358,0.015485471790817051
41,eeg_2_var,0.004464859256346956,0.0024106006001855984,0.0037797741459180893,0.005149944366775822,1.852177034547113,0.0,0.024215184757505892,-0.001800865800865803,0.017507889351351773,-0.006776552900887151,0.0031748212991555454,0.04,0.030351788760802384,0.0
40,eeg_2_std,0.0044594453117764695,0.0026023921365229134,0.003719853649809843,0.0051990369737430955,1.7135946108319113,0.0,0.022477335765464897,3.4632034632033904e-05,0.009950248232609914,-0.0027931972244776477,0.0028624612937417156,0.0,0.034063283889143016,0.0
153,eeg_4_approx_entropy,0.004459082346948103,0.002392714146048934,0.003779080510540845,0.005139084183355361,1.8636083913118093,0.0,0.02407784113928528,0.0011428571428571438,0.01573228549453099,-0.0033282089244496475,0.005613923210163935,0.1,0.02500292038780773,0.010177100916408888
1,eeg_1_std,0.004444254467829743,0.0027678960563356655,0.003657627112280115,0.0052308818233793705,1.6056434984589008,0.0,0.02262665279970282,0.0005800865800865764,0.011165679611733523,-0.0025931644550408733,0.0037533376152140262,0.02,0.017219500831927498,0.06035339213043556
109,eeg_3_beta_power,0.00444259429032558,0.002079238200664202,0.003851681331870214,0.005033507248780945,2.136645082435436,0.0,0.026350762742250733,0.0019134199134199106,0.01076594394358702,-0.001146227501790818,0.0049730673286306395,0.02,0.03355060520302135,0.012165652197412502
31,eeg_1_beta_power,0.004441732586732175,0.0022539396310052246,0.003801170031123285,0.005082295142341066,1.970652775507545,0.0,0.025429825225542158,-0.0015238095238095247,0.010143639585290926,-0.004406599997231216,0.0013589809496121661,0.0,0.02623729521423357,0.002558697307438962
57,eeg_2_complexity,0.004434643445525179,0.0020720942725544612,0.003845760768974489,0.005023526122075869,2.1401744554994306,0.0,0.026581902676519244,-0.0010995670995671027,0.010927357070673108,-0.0042050876179314306,0.0020059534187972256,0.0,0.029541912847994768,0.0
37,eeg_1_lyapunov_exp,0.0044200714490953965,0.0024440764242598945,0.003725472614729487,0.0051146702834613065,1.8084832472395131,0.0,0.02402442342444697,-0.00245021645021645,0.011962977690221251,-0.0058500570921429,0.0009496241917099999,0.02,0.03093440330982226,0.0
131,eeg_4_percentile_25,0.004394972096017457,0.002832374988906447,0.0035900200305854914,0.005199924161449421,1.5516914102341979,0.02,0.02295030330256497,-0.001887445887445891,0.012320793510850567,-0.005388976660441816,0.0016140848855500341,0.02,0.02214315227290571,0.0
98,eeg_3_mean_freq,0.004289359895797727,0.002840723421347179,0.0034820352321177873,0.005096684559477667,1.5099533142048087,0.02,0.023694458456181223,-0.001497835497835498,0.011425688341575806,-0.004744980196385563,0.001749309200714567,0.02,0.027273848374396562,0.14157191155650195
132,eeg_4_percentile_75,0.004275240561864532,0.0026011944473238262,0.0035359892794021475,0.005014491844326917,1.643568169963683,0.02,0.0235087906051463,-0.0024761904761904786,0.010572715494383177,-0.005480922973745159,0.000528542021364202,0.0,0.0241038125389088,0.00448350206243231
105,eeg_3_theta_power,0.004254125660197523,0.001993679621269294,0.0036875281809668715,0.004820723139428174,2.1338059542929466,0.0,0.02765411902694263,-0.0001904761904761896,0.0086220726078143,-0.0026408421134728817,0.0022598897325205023,0.02,0.03201504235962517,0.012858460437390473
36,eeg_1_approx_entropy,0.0042478663965509564,0.002684938984370323,0.003484815179995012,0.005010917613106901,1.5821090397464916,0.02,0.025146072816760533,0.00017316017316016945,0.01416636488985045,-0.003852876182340441,0.00419919652866078,0.04,0.026687639187623236,0.0689161082403218
155,eeg_4_hurst_exp,0.0042315800381204655,0.002191653312288455,0.0036087190584312857,0.004854441017809645,1.9307706293313884,0.0,0.026637941820630923,-0.0024415584415584434,0.015723944892510364,-0.006910254135998032,0.002027137252881145,0.02,0.019801701364183844,0.015430442962203417
95,eeg_3_mobility,0.004222593891043881,0.0021383597242325314,0.0036148787814982795,0.004830309000589483,1.9746881900754905,0.0,0.025829672282290207,0.0015411255411255415,0.010109188196284296,-0.0013318739558730052,0.004414125038124089,0.04,0.029504345532448514,0.009380072996739042
116,eeg_3_hurst_exp,0.0042159447046726285,0.00200498312147215,0.0036461348062282305,0.0047857546031170265,2.1027331598202053,0.0,0.02641400944483362,-0.00208658008658009,0.017275209490838123,-0.006996140301906274,0.002822980128746094,0.02,0.023541002666289623,0.013768268658519656
46,eeg_2_range,0.004169494142749638,0.002350232992570844,0.003501565316578685,0.0048374229689205905,1.7740768589845541,0.0,0.024819023762589085,-0.001064935064935067,0.011864697637015583,-0.004436844824782513,0.002306974694912379,0.0,0.03090332306910332,0.03684019149459328
79,eeg_3_std,0.00412972776152483,0.00203104447127424,0.0035525113094167036,0.004706944213632956,2.033302380426794,0.0,0.026417735475989933,-0.0011428571428571434,0.009063144573996441,-0.0037185743316901186,0.0014328600459758319,0.0,0.03463233636291222,0.0
96,eeg_3_complexity,0.004110853322948444,0.0017846262285780004,0.003603668160551373,0.004618038485345516,2.303481270627669,0.0,0.02986721048815891,-0.0032034632034632048,0.01059854844836528,-0.006215537345307765,-0.0001913890616186448,0.0,0.02826904204909552,0.025347674577548496
118,eeg_4_std,0.004060922369080629,0.0025530480195227953,0.003335354150002649,0.004786490588158608,1.5906172461174286,0.0,0.023408489248213555,-0.001904761904761906,0.009523809523809514,-0.004611398623768855,0.0008018748142450431,0.0,0.027006755449402352,0.023303544703229706
135,eeg_4_complexity,0.004003050184007657,0.0022070769358710266,0.0033758058589959607,0.004630294509019354,1.8137337840714958,0.0,0.025601569619816956,0.0007792207792207785,0.011050075043536795,-0.0023611758011442196,0.003919617359585776,0.02,0.02596760930362712,0.0
4,eeg_1_kurtosis,0.0040029050619933134,0.002332013257285668,0.003340154227298372,0.004665655896688255,1.7165017728082266,0.0,0.02476163643863872,-0.002060606060606064,0.0120295108852232,-0.005479355227338152,0.0013581431061260242,0.02,0.020168337981059183,0.03577665859143808
134,eeg_4_mobility,0.003984688774932962,0.0018558525499403954,0.0034572613159761694,0.004512116233889754,2.147093291625786,0.0,0.02828862351399196,-0.0007359307359307389,0.013108593954791607,-0.004461351917852848,0.00298949044599137,0.02,0.02379960527824469,0.0
151,eeg_4_gamma_relative_power,0.003974150709296787,0.0018657574231358439,0.0034439083165237645,0.00450439310206981,2.1300467290182987,0.0,0.028851133471322107,0.0007792207792207768,0.009264069264069252,-0.0018535985747223456,0.003412040133163899,0.06,0.025511239926609572,0.0
111,eeg_3_gamma_power,0.00396034704110432,0.0021888845096975844,0.003338272946404954,0.004582421135803686,1.8092991396433091,0.0,0.025891754894216735,0.0003982683982683964,0.007802225402944831,-0.0018190995271174285,0.0026156363236542212,0.02,0.03372464721532575,0.0
119,eeg_4_var,0.003835664113998369,0.002360069314624997,0.003164939836029982,0.004506388391966755,1.6252336012785609,0.0,0.02451899819915345,-0.0034285714285714297,0.011067305940063962,-0.006573864975546821,-0.00028327788159603854,0.0,0.026195931255223546,0.023211825625661264
172,coherence_eeg_3_eeg_4,0.003825988667020334,0.0020390726258526655,0.003246490638625586,0.004405486695415082,1.876337522694511,0.0,0.028469964954301503,0.00043290043290043377,0.011709776666802903,-0.0028949812743622205,0.003760782140163088,0.4,0.0228583901160064,0.10100730059094798
141,eeg_4_spectral_entropy,0.0037944626963518167,0.0021654167264000997,0.003179058071871051,0.004409867320832582,1.7523012891055838,0.0,0.025637534889959245,-0.0036190476190476216,0.01290326823195425,-0.007286115876186966,4.802063809172287e-05,0.0,0.024503584673501944,0.0
133,eeg_4_activity,0.0037896680303657615,0.002390076886981891,0.003110415694692485,0.004468920366039038,1.585584084114055,0.0,0.024689555472949386,-0.0015151515151515154,0.009956427626337827,-0.0043447369385275405,0.0013144339082245098,0.0,0.029605433171757334,0.023211825625661264
106,eeg_3_theta_relative_power,0.0037384648625340237,0.0018734381412945005,0.003206039633812362,0.004270890091255686,1.995510062798139,0.0,0.02917445426973256,-0.003212121212121212,0.01490789673986321,-0.00744889858764538,0.0010246561634029558,0.02,0.02439876714411647,0.0
83,eeg_3_max,0.003656754883520645,0.0021451592076474663,0.0030471073821695237,0.004266402384871766,1.704654228002722,0.0,0.026307198975516876,0.0028571428571428524,0.014285714285714289,-0.0012028122213675755,0.00691709793565328,0.06,0.029203760070645325,0.0
64,eeg_2_delta_power,0.003651939978361876,0.0025739092939631495,0.0029204430506863145,0.004383436906037438,1.4188300438730055,0.0,0.023287750650021265,0.000969696969696969,0.00831644885314386,-0.0013938116432575857,0.0033332055826515235,0.0,0.02927663073077909,0.00045896266053446766
45,eeg_2_min,0.0036413076568242338,0.0018603340117564475,0.0031126065805112953,0.004170008733137173,1.9573406915525875,0.0,0.02949740900162696,-0.0001645021645021638,0.008952937760573617,-0.0027088989235061678,0.0023798945945018406,0.02,0.02709996005392592,0.13093964549970805
85,eeg_3_range,0.0036123796547033265,0.0020841850830221205,0.0030200608078373332,0.00420469850156932,1.7332335361223927,0.0,0.02842278816661834,-0.0017056277056277072,0.010884466815064537,-0.004798958948216671,0.0013877035369612568,0.0,0.03555210777517135,0.0
114,eeg_3_approx_entropy,0.003552617547440049,0.0019097194569430923,0.003009881282897809,0.004095353811982289,1.8602823302112277,0.0,0.029232846446108615,-0.003047619047619054,0.012980361933257776,-0.006736597092247387,0.0006413589970092792,0.04,0.025654545538251448,0.008639827916871345
101,eeg_3_spectral_edge_freq,0.0034340334772854793,0.0026223209016615133,0.00268877812293255,0.004179288831638409,1.3095397074231803,0.0,0.024345999144983428,-0.001341991341991344,0.013597277867479442,-0.0052062949552306855,0.0025223122712479977,0.02,0.026576790825147648,0.0
94,eeg_3_activity,0.0033731789968543154,0.0023217562290297387,0.00271334317733644,0.004033014816372191,1.452856595964989,0.0,0.02477076737398804,-0.0013333333333333329,0.006576576872147049,-0.003202375800323467,0.0005357091336568014,0.02,0.03334743433279085,0.0
107,eeg_3_alpha_power,0.0031102158053924454,0.0013736473788274505,0.0027198295397697324,0.0035006020710151584,2.2642023177935977,0.0,0.038490494640964094,8.658008658007158e-06,0.008292948752209034,-0.0023481719495070377,0.0023654879668230516,0.02,0.03259724490336132,0.0
140,eeg_4_spectral_edge_freq,0.0029367569951525897,0.001398106969369622,0.002539419390811078,0.003334094599494101,2.1005236719650617,0.0,0.038563235685407274,0.0015324675324675308,0.013510158787832308,-0.002307077112282413,0.005372012177217475,0.04,0.03139736757814575,0.016216842097659168
80,eeg_3_var,0.002904934928993715,0.0017371870379237848,0.002411231835407834,0.003398638022579596,1.6722061000667865,0.0,0.03136400960848128,-0.0016450216450216448,0.010601377179568877,-0.00465789970337931,0.0013678564133360203,0.0,0.03540122166156706,0.0
167,phase_sync_eeg_2_eeg_3,0.002613169948613216,0.0017661476367627355,0.002111236343904032,0.0031151035533224,1.4795874060926704,0.0,0.0323986413930157,-0.0013333333333333348,0.012048277791137868,-0.0047574159957137555,0.002090749329047086,0.36,0.02110459199989081,0.0
62,eeg_2_spectral_edge_freq,0.0025233349352357117,0.001486274041436941,0.002100940526254403,0.0029457293442170206,1.6977587545162647,0.0,0.03506925341125146,-0.001142857142857144,0.006771957651288079,-0.0030674262129034647,0.0007817119271891768,0.0,0.0535362706140873,0.0
166,coherence_eeg_2_eeg_3,0.0021737986990774767,0.0014533994446220392,0.001760747147136653,0.0025868502510183007,1.4956649099837025,0.0,0.04004373929868967,0.0005714285714285704,0.007230572531848493,-0.00148347740555657,0.002626334548413711,0.42,0.02964146518565416,0.0
23,eeg_1_spectral_edge_freq,0.0016914244031686096,0.0011552685858066813,0.001363100703829352,0.0020197481025078672,1.464096122355771,0.0,0.053366287867740045,-0.0009523809523809517,0.005471012044321924,-0.0025072253717565076,0.0006024634669946039,0.0,0.025228782811926493,0.036709094942852794
21,eeg_1_median_freq,0.0,0.0,0.0,0.0,0.0,0.0,1.0,0.0,0.0,0.0,0.0,0.0,0.024933016078792305,0.011219454788950811
19,eeg_1_dominant_freq,0.0,0.0,0.0,0.0,0.0,0.0,0.6779781979835787,0.0,0.0,0.0,0.0,0.0,0.024422957381279174,0.0
9,eeg_1_zero_crossings,0.0,0.0,0.0,0.0,0.0,0.0,0.8771929824561404,0.0,0.0,0.0,0.0,0.0,0.02022861181779964,0.0
60,eeg_2_median_freq,0.0,0.0,0.0,0.0,0.0,0.0,0.78125,0.0,0.0,0.0,0.0,0.0,0.05592155654843185,0.0
97,eeg_3_dominant_freq,0.0,0.0,0.0,0.0,0.0,0.0,1.0,0.0,0.0,0.0,0.0,0.0,0.04148228764563702,0.0
99,eeg_3_median_freq,0.0,0.0,0.0,0.0,0.0,0.0,0.78125,0.0,0.0,0.0,0.0,0.0,0.04492942146917579,0.0
87,eeg_3_zero_crossings,0.0,0.0,0.0,0.0,0.0,0.0,0.8080894004443002,0.0,0.0,0.0,0.0,0.0,0.05569567300297969,0.0782115821584366
58,eeg_2_dominant_freq,0.0,0.0,0.0,0.0,0.0,0.0,0.5694623556082354,0.0,0.0,0.0,0.0,0.0,0.05223240455365698,0.045880836384294854
48,eeg_2_zero_crossings,0.0,0.0,0.0,0.0,0.0,0.0,0.8771929824561404,0.0,0.0,0.0,0.0,0.0,0.048941911742685924,0.0285998992920371
138,eeg_4_median_freq,0.0,0.0,0.0,0.0,0.0,0.0,0.7630771426237268,0.0,0.0,0.0,0.0,0.0,0.046595202580049025,0.03061769281926474
126,eeg_4_zero_crossings,0.0,0.0,0.0,0.0,0.0,0.0,0.4054452558987038,0.0,0.0,0.0,0.0,0.0,0.03277977449899635,0.0
136,eeg_4_dominant_freq,0.0,0.0,0.0,0.0,0.0,0.0,0.5555555555555556,0.0,0.0,0.0,0.0,0.0,0.045514069771337144,0.040141668658445706
