filename,direction,eeg_1_mean,eeg_1_std_dev,eeg_1_variance,eeg_1_skewness,eeg_1_kurtosis,eeg_1dominant_freq,eeg_1mean_freq,eeg_1median_freq,eeg_1freq_std,eeg_2_mean,eeg_2_std_dev,eeg_2_variance,eeg_2_skewness,eeg_2_kurtosis,eeg_2dominant_freq,eeg_2mean_freq,eeg_2median_freq,eeg_2freq_std,eeg_3_mean,eeg_3_std_dev,eeg_3_variance,eeg_3_skewness,eeg_3_kurtosis,eeg_3dominant_freq,eeg_3mean_freq,eeg_3median_freq,eeg_3freq_std,eeg_4_mean,eeg_4_std_dev,eeg_4_variance,eeg_4_skewness,eeg_4_kurtosis,eeg_4dominant_freq,eeg_4mean_freq,eeg_4median_freq,eeg_4freq_std
scrolling_down_20_10_brian_cleaned.csv,1,802.721471474378,46.277770016312175,2141.631997682682,0.1266172118072662,5.203186172177235,0,2049.7075487076086,23.908241030095326,71887.57680880724,802.8618242651236,7.369441371569079,54.30866612899395,-0.17741610082733442,1.5762811711737816,0,1104.9228665494747,4.736614546738872,71804.66859040517,794.1820062968663,14.095518612375818,198.68364495183312,0.2601721046817181,23.41951834486305,0,1232.2749366647886,3.0418655272342536,71034.29623753703,805.3623919273826,47.806847669303906,2285.494684076028,-0.06143400408508567,8.844134827490274,0,2020.8176027752925,17.451768444042106,72132.28560666992
scrolling_down_20_10_friend_cleaned.csv,1,802.5770056604771,32.34268432528776,1046.0492293652148,0.3420899187873973,3.771818627701557,0,1885.1162574602706,86.8464759140971,71818.19048542682,803.4811251663089,5.906459489636435,34.8862637027163,0.2931750887097776,2.32744928348586,0,1032.6697245626397,4.325294829151692,71860.05842226594,800.7549023209249,5.884100779850393,34.622641987436005,0.11246468795817702,0.22209451390218637,0,1031.0286253576594,2.592561919337381,71616.20790864943,805.4371099136749,26.72978392725105,714.4813487975285,0.5988669149120592,4.447768215661788,0,1691.79772272485,51.18692273211784,72060.2835200026
scrolling_down_20_10_jimmy_cleaned.csv,1,804.389962604941,7.139912455627135,50.9783498740195,0.06818032798903723,0.26283023127619787,0,1065.1313168852587,2.6456248479357036,71941.77483642631,806.8547163783272,43.619857817087315,1902.6919959829136,-0.12546679946708975,26.097359965947287,0,1935.2933497707616,1.6713613128916158,72246.73376466101,804.6303625015425,3.839743985043227,14.74363387067564,0.07076975745287917,-0.05200519268948911,0,952.8141065499709,2.1606803772912992,71962.83931085962,805.2202185072568,6.744809899392198,45.49246057893899,-0.019548486767478397,0.7177020650361392,0,1053.5509617506586,1.2958262537143856,72015.90606877179
scrolling_down_20_11_brian_cleaned.csv,1,803.3031860028708,60.509938806643746,3661.452694383771,0.009238568772687724,1.931814315997805,0,2354.109302132129,77.80720839323429,72014.68043833072,801.5233860364127,7.401946959668973,54.78881879375275,-0.14879355621338322,0.36168692079695797,0,1102.5589482456498,4.162920725318286,71685.00907744511,805.9793720301243,12.13935753194884,147.36400128848302,-0.11293028583034288,1.7427117847525677,0,1287.328179607943,5.148869715745417,72085.66803400578,801.9115259721555,55.22312720381039,3049.5937781682233,-0.6007337709664868,7.156998292800708,0,2086.906508100659,30.6541088642954,71864.70125001525
scrolling_down_20_11_friend_cleaned.csv,1,802.381762233025,33.78143374914526,1141.1852661478902,0.2283604467068005,-0.055417019005849166,0,1662.6339072004535,33.30936996235046,71811.53060858641,803.0631595850683,5.265836147970303,27.729030337270718,-0.3118282241388242,1.9666698774111282,0,1011.1540912006342,3.2322491391690074,71822.5791668577,801.4267972596099,6.446147788635365,41.5528213129286,0.6972911098925215,5.083152838873254,0,1047.8219538903727,0.5904394849597131,71676.45178925221,806.3674172654529,25.49466313339155,649.9778482851143,0.3964955921878918,0.7761908811461793,0,1574.053165359436,16.73205027682777,72142.55902350506
scrolling_down_20_12_brian_cleaned.csv,1,796.9390983916712,58.05886432547292,3370.8317267636717,0.23161271436185552,0.5518024398401726,0,2277.36703226605,41.678654447571496,71432.99164073536,800.6771666299758,10.113588686195701,102.28467611354569,0.08036044756598676,1.3598780317099655,0,1207.0792624851586,4.269024705436117,71610.28233486554,801.0874285202209,22.112482470455134,488.96188100618565,-0.42393828999753685,6.698230135288499,0,1600.5087337080638,4.827719568537958,71660.85488566691,800.2196420309958,52.20149598999653,2724.9961835936238,0.05328772762543303,3.033486169561227,0,2173.953207924738,18.023119205792963,71692.97717252396
scrolling_down_20_12_friend_cleaned.csv,1,803.380230926005,40.9447365432014,1676.471450592172,0.18385387791004013,1.2283717308794566,0,1835.57900161412,63.23304086702968,71926.34502325201,803.3461578727728,5.260095405874442,27.668603678901412,-0.11293905660792138,0.5910306993344925,0,1008.7245580441501,3.4582484010086807,71847.92405406291,800.7461788007981,5.754256316802733,33.11146575946416,0.11951155068156882,0.26723579254304486,0,1030.3621197987623,2.6901169658580373,71615.35279134866,808.325765060133,28.568923639378514,816.1833979126405,0.3512299036744683,2.244303625049625,0,1624.2298092500946,35.85966137881037,72325.75522044026
scrolling_down_20_13_brian_cleaned.csv,1,806.358114573264,47.51352504355905,2257.535062064913,-0.059755944840785266,2.5937961069046187,0,2194.017110679662,9.28759788401145,72214.62167307042,804.4752899835739,6.747038636790826,45.52253036634821,0.04839407113732763,0.3441988444710109,0,1076.945188857589,2.946682588742943,71948.92814583018,807.6821839015527,9.478392293178757,89.83992046339047,-0.5777430889307613,5.228362754090581,0,1156.9562601833404,7.650286774392868,72236.99996035038,806.9971239340825,43.934513453884676,1930.2414724295738,-0.4681894867277028,6.173880650428821,0,2082.8893134958926,12.698586825190867,72256.87813591684
scrolling_down_20_13_friend_cleaned.csv,1,803.1490466937481,40.61891466798538,1649.8962288050777,0.0975514005269901,0.4393780889408614,0,1823.3226166106156,52.8008297688711,71904.52102761396,804.3002827111333,6.145560882481764,37.767918560290035,0.057495180479247794,0.44980869870576345,0,1061.3436310741297,1.9572809226048105,71933.07454454464,802.1663461703984,5.748784154821995,33.04851925873244,-0.21663437467982405,1.463980867674561,0,1035.5458662276312,3.0637294660032177,71742.30812631713,803.7527975746507,28.152533805042367,792.5651596440533,0.16863326257706168,1.5785742403440048,0,1623.4917276547485,39.100339990320435,71915.59274729542
scrolling_down_20_14_brian_cleaned.csv,1,803.6118027688746,40.718659013948965,1658.0091918942471,0.12289150456509271,0.7984040583551786,0,1910.4783212545524,25.80509335713395,71944.061078768,801.3015046519488,7.519833638130518,56.547897945159264,0.022394593615631085,0.9188791440954374,0,1109.0641325586057,6.728164626618014,71665.15969594537,810.3162956468582,10.638596460129872,113.17973464148785,0.07158092646118015,3.8100510316548615,0,1235.2854027941064,1.149214799835807,72472.6112859045,799.8893576569357,42.77418368073761,1829.6307895534794,-0.6870979593030349,11.299487700317865,0,1979.2804421915366,16.450945969595537,71619.14228444375
scrolling_down_20_14_friend_cleaned.csv,1,802.8860716771651,19.568007306009044,382.90690992802337,0.38117384182510405,6.073914047058139,0,1429.2141156799335,33.48313977419208,71819.41640064734,803.7192241527249,8.018161657624388,64.29091636779788,0.1640441026329662,0.7917472518629483,0,1136.8168667818727,6.599504181421143,71881.42069152983,801.5407504861398,5.847338101486128,34.19136287309139,0.28032860034231816,1.962276567844432,0,1036.6850339113603,3.529388681836903,71686.39604814265,800.8484945984995,18.0443274702577,325.59775385389656,0.4401561727599216,8.181605299760589,0,1361.114938041311,10.97908102154905,71635.31470555555
scrolling_down_20_15_brian_cleaned.csv,1,807.8486843215102,36.709094381177316,1347.5576102861842,0.20402511281783425,0.9279014247157402,0,1849.219879806811,16.050205376226284,72307.09144503577,805.9034399136999,7.026967270504114,49.378269020736035,-0.03609533521540822,0.5604218827358021,0,1089.0857012917734,3.4144432879418836,72076.70708923247,804.3732035592506,17.145724797367677,293.97587882706887,-0.022983864977971953,5.936533808890362,0,1358.10496011006,2.8539727887841897,71948.85036472394,807.016500935006,32.54447028158311,1059.1425459088464,0.28721440298538004,3.2168754289153387,0,1761.8380847779874,13.516809195309868,72218.92459763435
scrolling_down_20_15_friend_cleaned.csv,1,803.2244124387404,23.792519073930197,566.0839638833323,1.1442845254247933,5.812609104300595,0,1556.3471808314412,28.627984453394376,71857.23027629367,803.8395397584794,5.6268738583586,31.661709417879397,0.2994218752654023,3.294879543890942,0,1013.1625707200292,2.890247875021292,71892.21660967144,800.9710576252791,5.942073751064995,35.308240463095615,-0.2120558504849433,1.5634367035476249,0,1028.9849850855958,3.1785311647963663,71635.6105700426,803.8038798407533,23.41720527875638,548.3655030674157,0.3993127351176296,8.213199610849477,0,1499.2819898397515,10.86028354498345,71909.27580743922
scrolling_down_20_16_brian_cleaned.csv,1,804.819072915945,41.16754612741617,1694.7668541529385,0.10156109095675682,2.7536572122088403,0,1959.4209698427812,8.480070865368699,72052.66844859777,803.3801115935247,6.141123195041045,37.71339409667113,-0.10316039919132906,0.7886849621420788,0,1046.7458171497437,1.6451355566837986,71850.9764879076,803.0577807595994,10.351671239884306,107.15709745864788,-0.9553517150418391,8.620656376395466,0,1188.683765266168,8.447708635520973,71823.80228334495,806.5953843647728,35.674734190430875,1272.6866595578979,0.09694660897858445,3.1027452788055827,0,1855.745607144928,6.061004110742251,72190.75662063535
scrolling_down_20_17_brian_cleaned.csv,1,797.2639793052929,36.107004045192724,1303.7157411195635,0.14563795201676755,4.520996246547719,0,1789.436873798317,18.605558492606885,71360.10902086397,798.7896123854679,8.56092979738612,73.28951899577355,-0.14156541660095437,0.3731400282438191,0,1148.1079404418006,3.204008842364312,71440.79261779609,803.4592050963012,10.934108779246053,119.55473479638559,-0.13641676314999662,6.653050842804175,0,1184.3641578076208,3.0349008373521746,71860.47003671197,795.2946354697386,33.07136538112428,1093.7152081718257,0.3568478671068637,1.8506881074544097,0,1767.4183968453867,1.626256110498695,71172.84115318295
scrolling_down_20_18_brian_cleaned.csv,1,808.0345307672001,41.243307842366136,1701.0104417801801,0.24458065106881324,1.7922936183512217,0,1925.3312041055933,47.31196866164227,72341.26004968151,805.7528281051426,6.191946754025655,38.34020460468884,-0.0329759407682608,0.5714858959768949,0,1051.9773826747873,2.2267639436908104,72063.17358317254,804.5692621719053,21.064335177990657,443.70621649073473,0.4088055429814583,6.169747667126559,0,1496.945989212478,8.644809469215055,71971.95245222852,807.4636531956879,36.688255268420136,1346.028074640758,-0.19228128873060205,7.61390735180804,0,1800.789998151089,24.85195146750942,72273.81575514481
scrolling_down_20_19_brian_cleaned.csv,1,812.7114414521147,52.396956486052765,2745.441049001307,-0.2593945328234923,3.073804182667378,0,2262.1052422912308,72.60483674306624,72806.88675778653,809.7309209779147,7.246447839705589,52.51100629357381,-0.09290174637380429,0.707533262440172,0,1103.3229875923414,6.294492300115358,72419.03084843325,814.8487263839736,41.79580165042307,1746.8890356015079,2.901133736439118,39.57380316568435,0,1761.6470583351602,24.494421422976536,72956.8196959976,810.5910734009784,57.2779637466849,3280.7651309665493,-1.2902418591508882,18.425344207922503,0,2188.167126433106,46.910302755477105,72649.27990784356
scrolling_down_20_1_brian_cleaned.csv,1,827.0157371745922,70.72288531274177,5001.726506959225,-0.10052232582498834,1.5998715903081004,0,2564.330712734942,23.40073840382303,74196.18086263178,800.5415597545425,9.312912837444326,86.73034551783532,0.06220343719840053,1.8410623691104062,0,1162.9671895821546,3.098968322108765,71598.01376088333,824.6233587066835,69.54276904671286,4836.196726684445,-0.1430615010180499,1.2872348276506056,0,2872.94261104267,24.95520439654607,73962.56085458331,825.9457739871781,53.69393076883337,2883.038201408271,-0.6966867235447954,15.869483487619895,0,2184.2994921760064,20.49833226302562,73998.5245179914
scrolling_down_20_1_emily_cleaned.csv,1,797.2113224918926,57.37253525453422,3291.6078015327716,0.4518540390110644,9.318653527170772,0,2758.0664593475403,15.134547001563796,71435.913810103,399.8262508003449,288.65549248852466,83321.99334379272,-0.3927018158769282,0.6874366060976773,0,10230.37535201196,91.59920667961933,42903.61629917024,589.289689968373,120.30368674122751,14472.977043531399,-0.5444638694278866,8.238384056271418,0,4788.07854552464,33.97676948450707,53581.175396189865,803.6066095624283,52.76036178707147,2783.6557759026714,1.1670437604592083,13.819954676730983,0,2655.7928505065643,30.3221165192154,71982.51100334033
scrolling_down_20_1_friend_cleaned.csv,1,814.8405743338677,70.12300300442823,4917.23555035905,-0.06771035465123851,0.754018927755117,0,2619.284370638218,91.17228013238069,73103.99174599859,818.5480631009835,11.106974009610013,123.36487165015234,-0.3948099916615764,3.8288966836195053,0,1220.846006915895,3.286406397121372,73209.72465107832,824.0214827778835,7.957527000357335,63.322235961416006,0.08449140262802499,0.10714696106592791,0,1146.929850557977,2.212849950742563,73697.23399910645,776.0303862987532,83.56276056212519,6982.734952763066,-0.15866237725994567,2.74762088350323,0,3033.645064409541,100.55109185630185,69745.51726227479
scrolling_down_20_1_jimmy_cleaned.csv,1,813.6930560180729,22.38822151310765,501.23246251997614,-3.02341483627545,39.09550661789961,0,1431.256898809519,1.1127222954420655,72792.38955724392,813.5655008349321,6.25050629798313,39.06882898112677,-0.12032529630270226,0.8111062922549932,0,1036.7143392405987,3.659572879772013,72762.27269768436,808.7195463181113,5.9673312511184164,35.60904226057448,0.03755560019781528,1.1708534299087852,0,1020.6617811307597,3.659397865082572,72328.84295378542,807.6491977748656,21.717091316296965,471.63205524038113,-3.1257619347057704,41.172648930667435,0,1378.8744513159502,4.307505977302122,72251.29136138986
scrolling_down_20_1_mom_cleaned.csv,1,823.4950468049769,42.93297006910904,1843.2399189550126,0.24266748934755453,0.7660306442185179,0,2101.9658228007215,23.39416781678151,73725.69804817143,796.4503033733104,110.2109277653823,12146.448598906314,0.96049926327415,10.63796551967638,0,2868.171222798088,7.047160664441128,71858.1778375076,759.3698749633357,295.0937064597864,87080.29559217457,1.526899029014975,11.161413777082517,0,6894.8426578784865,22.216027032340367,72540.72845773993,813.3693137541264,39.37375772394533,1550.2927973039446,0.2112789704431249,1.0439718449879871,0,2046.0145010711246,26.67517316100624,72806.39904020737
scrolling_down_20_1_sophia_cleaned.csv,1,787.4629016196828,53.15224409237658,2825.1610520555805,-0.4508161783161617,6.043221179420865,0,2322.263618063497,13.376452366950954,70554.85898477817,778.0970107839315,126.87799423486335,16098.025421062019,0.10755499014463117,9.641045891524396,0,3827.211628683391,4.8894030726268864,70410.22810657171,572.126036524228,222.73280755194318,49609.90355997095,0.17237241102587753,3.467127046334168,0,7040.075978227261,73.822221432621,54460.0088335319,762.4881631856829,71.1892767862696,5067.913129352105,0.04799519507534387,3.337340906790911,0,2848.936327746804,24.20514184827337,68436.30170390816
scrolling_down_20_2_brian_cleaned.csv,1,813.0482274834264,61.706676135902114,3807.7138797411117,0.17934444830719462,-0.2768802187265784,0,2378.2353708125643,67.86593296643078,72891.57195147185,804.6081558051347,9.536222456607614,90.93953874190736,0.11329148120137766,0.3544266883467655,0,1179.0510292879933,4.541477138391666,71961.7366323649,800.1426612941182,14.949833917786108,223.49753416938796,0.17338100283436172,0.3652574634802903,0,1354.8517742500128,8.5772832635344,71566.6008751869,807.1979269800272,48.78429086345094,2379.9070350497827,0.07464221690334803,3.296597437817324,0,2051.400943059155,20.799136273280613,72300.5987327284
scrolling_down_20_2_emily_cleaned.csv,1,804.5827387016786,88.32582249249313,7801.450918975404,0.13033567332143053,17.699570162693842,0,2952.8098188583303,11.855826872396923,72336.10293213264,429.1616914294062,465.7984565328647,216968.20210839904,0.28150986013792334,3.7865429479103536,0,16594.61221007311,215.48525189667743,54162.5844415383,665.9351468845002,134.76990243961112,18162.926603582295,0.00625032783005806,0.6371937274154016,0,5539.291191994559,48.14831336487115,60517.42279576183,790.6833998688585,79.55875160486173,6329.594956924089,-0.027938948600293133,18.450681778902737,0,2628.87585594745,11.117078468315302,71029.29925333537
scrolling_down_20_2_friend_cleaned.csv,1,815.9177763890422,45.01042865542788,2025.9386877453635,0.30342808931995713,0.6702102781190238,0,2077.0850935041444,12.865291285373715,73059.33029872866,806.5406580453171,8.574903175443952,73.52896446823877,-0.1359191926781116,1.851857868303946,0,1140.7752505015221,2.954167876970066,72134.24606007892,809.6111058236277,7.3438673376451,53.93238747293052,-0.008031931633274637,0.42711550716602087,0,1101.9081125696919,1.7368601653205678,72408.41349637836,790.760989736673,46.6663366699341,2177.7469781916357,-0.5756895313907112,5.7300595196202675,0,2160.0443257179545,12.747274845003389,70817.91828135069
scrolling_down_20_2_jimmy_cleaned.csv,1,810.9893816284244,12.169495931382059,148.0966312239245,-3.7814571645120347,58.42123452091293,0,1178.0751963204584,6.049704198900013,72535.6945282625,808.6109189510418,5.068364345966991,25.688317143469405,-0.0813053018834222,0.7051194111033925,0,999.810796598522,2.6327393878824235,72318.86894299871,808.7605283737264,5.1699284818840265,26.72816050779568,-0.04782229145572246,1.1267177731961544,0,1006.2832246711548,3.311598798853535,72332.21917424105,802.3087245023046,12.236872324147006,149.74104427747494,-4.220731560479375,57.78074020366658,0,1206.4712223973056,1.8934950889583568,71758.8776466217
scrolling_down_20_2_mom_cleaned.csv,1,837.0750480485615,61.11734507331432,3735.3298688105783,-3.8184295409497313,47.569824165148226,0,2878.5701502383454,135.69206919200286,75014.33080441886,807.947023756235,44.71218543815022,1999.1795266555328,0.2873048406716926,7.165271443057822,0,1992.6776823505675,47.02291176402952,72348.10169078695,731.6284914911713,234.97017940204654,55210.98520822994,2.5872856562558195,16.81293889830517,0,5692.802365334995,328.6562829245914,68494.28201246468,828.9397529818494,60.97148430202163,3717.52189799167,-3.771681276017545,48.4742939787328,0,2760.548958993289,129.51790261489006,74291.61957916865
scrolling_down_20_2_sophia_cleaned.csv,1,815.3967114233421,17.53914916824161,307.6217535458304,-0.15927697932077278,2.5114398890032072,0,1417.7937171368142,5.125432572576968,72934.38766029554,802.5224696771417,16.563951934584207,274.36450369121593,-0.059991707239153834,4.984748706732784,0,1435.5500333560667,4.633934713174208,71780.72410097538,764.4587773023201,124.0548180733911,15389.597887222164,-0.18364628963787497,1.55839616288372,0,5075.895822620481,48.317958089987336,69083.3876749994,801.386557310859,26.610596304440666,708.1238356779112,-0.5049881594024054,3.64225062528046,0,1651.5297141922733,14.079300252212498,71698.67534392202
scrolling_down_20_3_brian_cleaned.csv,1,813.277033016353,54.438129857516365,2963.5099823838145,0.17190679937213194,-0.008187676607029015,0,2276.4039893335253,62.40645857495926,72868.91903055437,805.9821724461021,8.820745997116711,77.8055599456505,0.12081659337949865,0.665002260462193,0,1153.0457798487757,1.9403043980246648,72084.33221242385,796.3425798119181,12.793726995431294,163.67945043362747,-0.1285797657741665,6.590214402968737,0,1259.6992580487472,6.322927089616586,71225.09715735947,811.5130208963934,42.65519447874682,1819.4656160197135,0.11484453017493286,4.1598564742553386,0,2020.4597085586643,26.867941870840447,72656.03011934906
scrolling_down_20_3_emily_cleaned.csv,1,804.35525869833,67.00460675543899,4489.61732645102,-0.49622381017135003,23.712327803476157,0,2677.5095033113575,17.211113176285025,72143.20792298621,611.175243053227,330.6021600520443,109297.78823107752,-0.4522903663404079,2.5098922427470898,0,11725.854504502397,60.85567786855477,61033.2595063462,764.5841037622562,147.6325402031631,21795.36692683857,-0.43474040462407615,2.0654788482913196,0,5849.0213783773,38.64700591694514,69403.46463088514,781.1897072312942,66.05030004117225,4362.642135528879,0.3732596570165947,16.114590653085912,0,2257.6088511760377,13.74268692175809,70084.65485532556
scrolling_down_20_3_friend_cleaned.csv,1,810.055729887318,32.423126497008084,1051.259131840988,0.22633849922488244,6.2661799760544135,0,1743.2650240207834,12.452240605751305,72490.63617487314,807.3582752656209,6.6359413322099305,44.03571736453211,0.0451305308088616,0.5566360674572022,0,1065.6613913483923,4.822977293891706,72206.89499363072,805.3797656250622,6.56259572207332,43.06766261137504,0.14918891469180104,0.17605319563481547,0,1066.9929400410413,3.785601576961647,72029.84492087548,804.939591755514,44.287463080832175,1961.379386136073,0.4011660750490521,2.744735246276793,0,2026.1916124233805,14.961540693263597,72076.38720318684
scrolling_down_20_3_jimmy_cleaned.csv,1,798.2387351206166,32.000931205793115,1024.0595980379037,-0.2513384056308929,1.4185249326769451,0,1697.1540547450327,5.729671642121935,71433.82774858744,804.677893008718,5.520942062632561,30.48080125894548,0.03740172474759488,0.6822393581565813,0,1018.9797229171394,5.950297434839197,71967.0590494648,805.8967848575799,5.980212600379928,35.762942745742855,0.12351527373576414,1.2703945164495618,0,1020.5899227268419,1.9042123587818,72076.35872280816,800.624470295314,8.841589838528547,78.17371087277127,0.052209896412382384,1.1131605989323408,0,1119.4489203798357,6.879525708861745,71605.64562318499
scrolling_down_20_3_mom_cleaned.csv,1,832.8829309207096,90.95936876647947,8273.6067663964,-1.690744977827562,27.388632736414365,0,3143.7403210735256,25.267034050338204,74872.21974985536,807.7703159516784,116.27322369520743,13519.462548475747,0.12487690890803602,7.12322430875021,0,3176.1300175783103,8.482416970877278,72924.60110071284,738.0294969648137,248.92404306214226,61963.17921440325,0.46212667423534154,11.930842426747716,0,4972.721286644564,93.16177790896327,69486.80321228235,822.3312767658657,80.52781786437168,6484.7294499974205,-1.9575992341217097,28.143537058171354,0,2760.7572765517143,31.88182238847884,73851.73931675221
scrolling_down_20_3_sophia_cleaned.csv,1,812.2754355706915,33.2910610433156,1108.2947453897657,-0.7446294863940369,7.02473679519237,0,1795.6667450109435,11.868700808610585,72690.9340733883,753.8048431438473,165.40961531167537,27360.34083755643,1.1112067193671171,18.029220390455723,0,4039.263415636047,8.794405847149829,68908.00860419405,698.9275436089755,209.27692400018398,43796.83091897878,-0.09278290833847763,2.237253910041332,0,6637.549367765323,98.55318917089082,64917.4204557883,802.9209584793514,32.03728701905818,1026.387759541514,-0.7414923718280337,7.203903989780532,0,1747.029955419915,5.74181204207534,71851.33601086786
scrolling_down_20_4_brian_cleaned.csv,1,812.6862662019962,45.320605589466716,2053.957290996002,-0.35430812909447973,7.096777781651536,0,2033.9356850193506,38.3647060536799,72773.3773311822,807.9879873472333,7.3041192592056685,53.35015815269916,-0.10828878117951016,0.27433360045433774,0,1074.8511950736874,5.6211058157093845,72263.6017951152,791.1070683860628,15.478578965556107,239.58640679295596,-0.8743938709691963,13.60538196750927,0,1281.427328042253,3.256599165332219,70760.70622085402,813.8010742358218,46.21979486784505,2136.269437625676,-0.6243025527130779,15.740443861738893,0,1901.493713148283,15.767723824248847,72881.0664597428
scrolling_down_20_4_friend_cleaned.csv,1,806.2055432664265,45.033482494100625,2028.0145455464676,0.015157074919150918,8.657273064578803,0,2311.2113358049746,175.07355778916616,72184.6203457439,804.8722121010586,7.977200758699876,63.63573194460187,-0.21520258247732169,1.8097552405826782,0,1120.9324466898906,6.3369522322408764,71984.7675218125,803.0273866925314,7.246413154601962,52.510503607188355,0.10026766715296784,1.013646571554748,0,1091.5881711922589,2.2972547208403107,71819.58184930315,792.8046394562555,73.08233226590535,5341.027289424191,-0.018039064362447475,1.3796972418812254,0,2554.76808152556,55.991553331016505,71165.36803870708
scrolling_down_20_4_jimmy_cleaned.csv,1,803.2636743940478,7.411187696262214,54.92570306922842,0.27279635592428236,1.083772436561187,0,1073.2720146634183,8.566057908873644,71841.12807222341,803.3314706469362,4.6514444962841495,21.635935902012108,-0.14687587958861614,0.2529621098627044,0,990.9848641582861,3.9646735718734676,71846.52134031572,803.7018335501806,5.075813890232271,25.76388664827486,-0.09390586247049024,0.8510580489320319,0,1001.8417501947217,1.5898694565353495,71879.72938494026,797.9674295327032,8.970452296771745,80.46901440865747,0.2829969164714276,1.733232890265473,0,1120.358304269455,3.6785942722454235,71368.09243406009
scrolling_down_20_5_brian_cleaned.csv,1,811.2400197510071,48.17914866932771,2321.230366501182,0.20485766729796548,-0.11506821567035219,0,2143.6098172680004,54.94127607943533,72655.73216077221,803.9256342903067,5.926012057800083,35.117618909191975,-0.07710459024034799,0.4342599310795663,0,1017.5083051315625,1.5109611299815942,71900.04858437314,805.4028197625538,8.330137634109148,69.39119300320155,-0.14712946388804904,1.410134202344584,0,1110.8598698597077,0.6735323149059603,72032.70553820777,802.2172527901859,39.03629741765606,1523.8325160797012,0.32078042419935526,2.353039742160992,0,1922.6880563860648,22.551933224683168,71811.64649503458
scrolling_down_20_5_friend_cleaned.csv,1,806.5945994274475,41.609586379938854,1731.3576787095928,-0.3021299265618409,3.25420670623521,0,2134.575911826571,104.78173108173883,72208.38939038067,805.412575300053,5.667187231072859,32.11701111203526,-0.10651043841559303,0.5056462240788986,0,1037.1182761291157,3.1283827000236992,72032.60804153155,803.7040017161332,5.194570847352801,26.983566288167594,-0.016534761814155544,0.2377116018705987,0,1013.6465244608419,2.483308211218158,71879.82569028946,823.5826679428953,94.29015431181588,8890.63320014605,0.015199667054851766,1.698504526642873,0,3349.6543883601835,110.2173429499105,74068.90898301396
scrolling_down_20_5_jimmy_cleaned.csv,1,802.4682610296535,9.063706145973757,82.15076910056247,0.10317068312843972,2.0321316430597243,0,1117.0896219025663,2.989428277343653,71770.82773981585,802.9905255954699,4.663103718496677,21.744536289457535,-0.13928998495211875,0.5622693568506016,0,984.0821192920541,3.0011618518554255,71816.12486410681,807.0912219108192,5.113058666835946,26.143368930506185,0.07572360562720781,0.13296120518415933,0,995.634531631709,1.7566404514006058,72183.01570710029,800.1170116625964,9.615942816169428,92.46635624384041,0.4044900504173545,2.162701364379071,0,1136.1025924681232,4.030520825959045,71560.79071738973
scrolling_down_20_6_brian_cleaned.csv,1,811.893339302105,37.37943419685285,1397.2221008768522,0.16638044442223057,0.4585470052185876,0,1810.590781057411,7.489730666979621,72672.3090030408,798.3299422283161,6.375711542176273,40.649697669039746,0.0927065830818393,2.450635269661327,0,1027.6614320736128,3.5629337969332098,71399.68236749248,814.3606067610358,8.979922211310297,80.63900292118403,-0.4274751069820824,4.1749577133772595,0,1159.2689563725182,4.616327594717533,72833.82943127993,813.6870597501076,34.314637777158836,1177.4943657776164,0.09985865188181203,6.7416949697261845,0,1775.1096763237206,5.950161054315587,72821.4309987594
scrolling_down_20_6_friend_cleaned.csv,1,806.7058345668919,38.33448516307825,1469.5327527182662,0.4427979762324552,5.151585815694872,0,1838.6215897272373,12.581449245272209,72211.97055428488,806.3625914606787,6.2737590074959435,39.36005208413649,0.27356584015149327,3.3358107005860482,0,1041.393543935468,6.874074789203026,72117.92684070114,805.7986841159249,6.421965338185931,41.24163880486154,0.14404968286103387,1.368171827849224,0,1043.9641857754598,5.456547210377914,72067.55292939582,810.9319715266474,66.12023290297485,4371.885199143638,0.20510413481840528,2.100470573994607,0,2256.9982776512643,20.477418315570063,72737.62415720898
scrolling_down_20_6_jimmy_cleaned.csv,1,806.452906866458,10.470803714029094,109.63773041772548,-0.4664371810350241,7.184669536288059,0,1155.6749749354813,1.6133165400058296,72128.16187526757,806.6676905412702,4.999073168486679,24.990732543883443,-0.10224520649692832,0.44615130365111666,0,999.5139125010005,1.5401600070776782,72145.01352494035,808.1677211651927,6.005047166188764,36.060591468151706,0.029761334063254416,0.8679223755689627,0,1024.0629332765122,1.783480576096754,72279.45951684038,804.1580374583766,8.939912571286358,79.92203678224388,0.021283725503006105,1.452874861511277,0,1126.9302686432738,1.6415338074253703,71921.69713106817
scrolling_down_20_7_brian_cleaned.csv,1,810.7614286493119,71.95833607014943,5178.002129984568,-0.2539443170237244,3.34998283632733,0,2529.4374551079604,47.87241777502666,72757.77304647406,801.2483731558775,6.87735171038782,47.29796654837427,-0.19997347131316642,1.050786238608488,0,1056.664307125402,6.222986357204551,71660.68267087602,798.96134376787,13.873061323227768,192.46183047803817,-0.2396915408676427,14.567956009125446,0,1190.4017531641696,3.118301121589805,71462.1317659286,806.7823365990834,62.890325441659265,3955.1930341578145,-0.7348392216973043,10.017514918456987,0,2181.454335824773,20.057532294870647,72346.80888088398
scrolling_down_20_7_friend_cleaned.csv,1,804.1047038899848,45.8559002620724,2102.763588845132,0.06420292138469082,-0.05338684516195835,0,1980.8542275436637,64.30343938354099,72010.91043043684,804.8399897086135,6.421361975218691,41.23388961678449,-0.1344962475467658,2.4788777748055457,0,1045.738419655791,2.1876557340305753,71981.77222959984,804.1514689176363,5.919818242445127,35.04424802358612,0.006841514018940711,2.0045819802339446,0,1031.3176697466486,1.2686516363021094,71920.04854352609,742.1163084009693,115.45563600580653,13330.003885505288,-0.04667304889145549,1.3507238800164743,0,3777.223527618858,68.52553841355311,67069.01076547962
scrolling_down_20_7_jimmy_cleaned.csv,1,805.5256351186314,7.9211193970790195,62.74413250278148,0.022574215463487632,0.717829425480994,0,1099.3027123198424,2.8388504173370306,72043.49946059514,805.9613197012546,4.318754587063687,18.651641183283633,0.021034973344538195,0.35938690971915443,0,971.4021391077429,1.461202773849846,72081.86154088049,805.5599279461519,4.5997756427868985,21.157935963975625,-0.007303973797846664,0.13581018986687976,0,983.0964956463557,2.0539201326960295,72045.93773219209,803.2290199456371,9.015595284056829,81.28095832590773,0.2343092562717722,0.7942074932902474,0,1138.2751465737758,1.058516421658101,71838.49500051467
scrolling_down_20_8_brian_cleaned.csv,1,808.247234929024,38.6550302065491,1494.2113602692234,0.1875309278401583,-0.15943924474842008,0,1792.8620236902968,39.401142679704286,72352.23966539049,806.1918483507706,12.581308250960875,158.2893173056962,-0.12419916179619823,3.8965454805185447,0,1233.145057373618,4.694521206176843,72106.226362877,810.0244790368714,10.424749704131058,108.67540639378058,-0.003002036878749249,0.36423536485827546,0,1237.9205333524633,3.6256304980518057,72446.21522509295,806.6669700271744,24.344377900738376,592.6487353739591,0.6730090443688729,2.351674422071424,0,1545.630124212309,17.004083813490826,72166.78203312076
scrolling_down_20_8_friend_cleaned.csv,1,804.2426734452824,33.476312456189206,1120.6634956644084,0.775120846229704,2.3417143660379,0,1802.7618610194133,16.365069203153716,71973.3593720454,802.2532638871322,6.821561228218317,46.53369759033139,-0.23372881514133248,1.0083638684196226,0,1075.901276858415,0.7685244266765905,71750.24079980452,807.8127966634343,37.066278582750016,1373.9090079740324,-0.25879094836405425,3.7396066353720565,0,2284.272323405651,5.7674468609239495,72292.90500272415,813.3744337643667,32.634161985594865,1064.9885285020448,0.8918595318871126,2.8728774076321066,0,1774.942808810061,9.797396834075645,72787.30780346924
scrolling_down_20_9_brian_cleaned.csv,1,807.6560878113846,48.456075821680535,2347.991284036453,0.17374047866153866,1.1270983896053295,0,2042.9718032783796,62.70074155093753,72339.99376501457,804.0912639344166,5.670855149746431,32.15859812940562,-0.23327083434068457,0.7597981740564523,0,1032.3374329706223,5.366804783687096,71914.48812260368,790.3506840796209,14.684982903029947,215.64872286228186,0.2681535565290454,12.4341193373634,0,1248.6052910134988,11.084280387834553,70692.28804871452,804.812501173966,39.225288891711706,1538.623288638242,0.5660800049015935,3.9377024795638755,0,1794.735678742225,22.76832765621329,72047.7041125977
scrolling_down_20_9_friend_cleaned.csv,1,804.4370595191831,43.14442618485762,1861.4415108206283,0.10159009401142685,-0.5822372026266587,0,1797.1014252991954,45.94114515484937,72032.02037243714,804.8650403675218,4.688130684276183,21.978569312851878,-0.03861537449648709,0.05459814093168758,0,988.6372439436598,0.8533066406512333,71983.7500316726,801.0513730419442,5.6118404001112205,31.492752676320467,0.1414864553303671,2.3852286190652077,0,1021.7378982151575,7.206831418239772,71642.68546205595,810.9432468431374,29.661499779268752,879.8045691555602,0.11417983638502208,0.07347587943558187,0,1631.6790135791578,24.911051125835844,72563.1227080894
scrolling_down_20_9_jimmy_cleaned.csv,1,803.4093751094954,9.73144487160105,94.70101928901039,-0.03236790443123796,0.7570498328663988,0,1153.9810733823044,2.547803607236532,71855.12391782652,805.3821223512546,4.443735879757001,19.74678856903973,0.02675532873611796,0.2028232423436811,0,970.9600740656102,0.8782597388700942,72030.11936072593,803.770398110326,4.775739516552103,22.80768792995731,-0.14864320714644277,0.9227086320799214,0,980.7512767887372,4.656724602909949,71885.98882018862,805.7200138086079,9.070464428728219,82.27332495282393,0.0565718216172034,0.3847554239681257,0,1136.6746224785472,4.792881980395163,72061.39049687328
scrolling_up_20_10_brian_cleaned.csv,0,809.7193007112588,47.12599165844095,2220.8590897914464,0.11431925792729282,2.095051651227739,0,2087.3139334976804,17.10758994500114,72516.00195789138,804.4825783217076,6.39588064232549,40.90728919087392,0.0269205600078322,0.9547726866766366,0,1059.4600205347504,4.2835911262234285,71949.5831291347,803.916069452784,10.740176657121776,115.35139462618348,-0.07495710636141675,1.3578513667839793,0,1204.804938883119,1.496699453861652,71900.7615721848,805.7982999775165,43.193112098482125,1865.6449327520427,0.08124511601413514,4.888617488646194,0,1950.040448318789,6.918136290240358,72149.89839244577
scrolling_up_20_10_friend_cleaned.csv,0,803.6873059299377,27.840438929159273,775.0900397682472,2.343367833268002,24.266015089959275,0,1540.397696242057,19.485476489525055,71910.5931408502,804.9279434636784,6.4638457294656115,41.78130161433083,1.4081951449486403,11.996015366666356,0,1058.276861925492,5.688740927319073,71989.48681623214,803.9857123521977,5.673280451755259,32.186111084268354,-0.8882449889886328,7.156950806459836,0,1029.0072830430001,4.9608575969102,71905.0958280828,809.0614250711806,22.926435476022707,525.6214436362325,1.3032334603853417,12.221655786957735,0,1474.944723933789,10.616174855848149,72378.67158420815
scrolling_up_20_10_jjmmy_cleaned.csv,0,807.098038570957,13.848993151412706,191.79461130787604,0.8018258239907415,4.012442562829093,0,1252.9516302651962,2.6214148534833113,72188.79572502062,804.8589180147254,4.9170188130296,24.177074007687015,-0.024770060179094784,0.33991995719915735,0,998.944872097647,5.255288395643638,71983.18223599296,805.1248347298773,6.209359183377083,38.556141468189324,-0.2309958148906495,4.3494711638562435,0,1025.7170152411811,3.1950016049128145,72007.39067047734,805.3878901462725,9.645841375059314,93.04225583280618,0.3057699589754613,5.284711278460316,0,1181.4344090649402,2.7664108598286403,72031.56035027701
scrolling_up_20_11_brian_cleaned.csv,0,809.2500727123966,59.05135997783575,3487.063115231942,0.02767321633985504,3.798915188783117,0,2324.5543402715894,71.58969656594611,72536.7141967295,803.8609995639875,6.975194681258221,48.653340841452966,0.2399663094597969,2.929627461381952,0,1071.871209414667,1.909592083222953,71894.23011023851,799.758483029993,12.88030721778578,165.9023140245445,0.9207887784916097,11.258117611269858,0,1218.5450128672337,16.37280602383558,71531.47034759585,807.495247639266,54.883787369868664,3012.230116060955,-0.1267891092257597,4.869269845256191,0,2350.070181811903,74.64928356265386,72353.02756981857
scrolling_up_20_11_friend_cleaned.csv,0,802.5201575385319,28.85310850128748,832.5018701870679,0.24080318876373286,0.14130221901724882,0,1603.487090101664,31.445245401273514,71808.05552065077,804.193962049409,5.674947380285717,32.20502776901172,-0.12586987528152638,0.8090266465848632,0,1041.648661092351,8.420113269954783,71923.54277187532,803.91368385877,5.012853866332617,25.128703885205866,-0.03830964372715474,0.020382572896387785,0,1010.7462087645972,6.490326642227401,71898.51935448236,806.732106142365,21.193689873381683,449.1724904490813,0.41941491126992286,1.4974662585700447,0,1485.5760884008812,17.029445739534058,72165.91663024758
scrolling_up_20_12_brian_cleaned.csv,0,824.116961745414,196.57191990083479,38640.51969350021,0.0005844618433476713,-0.7916419127838581,0,4022.7410494485566,102.15231603732337,75672.01070785236,805.652170539128,17.866055628949063,319.1959437367025,0.11299621635120644,-0.17341949584400318,0,1394.167479781516,10.688412383246556,72063.95010369284,691.5864072583486,211.13307006081334,44577.17327330431,0.025549486196589342,-0.558734890976563,0,5018.843863903392,230.38560599132907,64480.36976413057,808.1462060792804,85.49805147833803,7309.9168065925405,0.07666866725347046,-0.6426833721303029,0,2525.961746917681,55.386780119565465,72642.23196592818
scrolling_up_20_12_friend_cleaned.csv,0,803.2641315169162,33.57305753453632,1127.1501922172856,0.13580464409585816,-0.27928648408375834,0,1642.3698087792932,34.70520617104194,71890.08843819682,804.7592156492733,6.597407351211236,43.52578375781605,0.01701301616371067,0.362363174025758,0,1081.1248127974877,1.771291198896007,71974.15156334185,803.173963067089,5.839671121083757,34.10175880241963,0.0565914541403553,0.29910057527320966,0,1050.6126757821082,2.177975764728783,71832.27904337503,805.9852296375954,23.504238851449138,552.4492439859711,0.19536403348534304,0.16379508252491393,0,1524.2496090107777,20.491091666482642,72104.04446203976
scrolling_up_20_13_brian_cleaned.csv,0,809.9663415270534,35.77780234019992,1280.051140294415,0.2325409107438038,2.3237021251790146,0,1875.046030474696,26.20335692371715,72491.97974057938,805.3164618426488,8.008430703961988,64.13496234016111,0.04145727891354108,3.517679246618737,0,1104.3007411813871,2.6845714620324577,72024.78993481954,800.3960837782666,14.462786779984148,209.17220144328425,-0.7912862003389425,7.075568463579318,0,1336.3876615475162,5.8207950774292,71588.81451650179,808.1180496430702,31.177783336376642,972.0541737700449,0.10087274039080736,7.432379240372887,0,1697.329782412369,5.709597634887087,72314.12579999208
scrolling_up_20_13_friend_cleaned.csv,0,805.9513952301563,35.409577212644415,1253.8381583782266,0.15732742814120987,-0.25276552072898184,0,1799.558438775022,52.03197612917384,72133.57229918527,804.1035145815414,5.086160285851683,25.86902645337487,-0.16932185069540168,0.42588588380762094,0,1011.4030447462089,1.4722721491373387,71915.53161538039,804.2701919237247,4.819041008493604,23.223156241543055,0.05839847806558552,0.6980703758963052,0,1003.0218091576165,2.5457509439034367,71930.41110832975,809.153920146631,26.728544815186453,714.4151079374305,0.34043692582684004,0.6260958020193637,0,1610.7939756744402,37.40214885262533,72394.47825024782
scrolling_up_20_14_brian_cleaned.csv,0,807.2593803067573,69.69822656761737,4857.842786670924,-0.6586320665093838,7.931478915806402,0,2422.3430954176115,15.194603137092301,72431.56628932348,802.6524066151918,8.056289755408091,64.90380462309335,-0.30328189132419664,1.820339477690184,0,1109.5592791755157,3.1031973467362475,71786.45506291871,805.3265376305359,42.16854259013034,1778.1859841756366,-1.9417022768749408,25.94846388320141,0,1802.8438830323857,5.6140865992751445,72106.72729584062,806.6609839006067,66.07822205740747,4366.331430268052,-0.8797857226025195,10.865681028307689,0,2219.7648158917577,17.915948653610965,72357.54606710207
scrolling_up_20_14_friend_cleaned.csv,0,806.2744304619971,35.05752648212743,1229.0301630450658,0.2737879993172434,-0.022999970801632408,0,1885.360729181851,48.45770834908049,72158.88084587785,804.2703849584534,6.111989073613131,37.3564104359663,-0.06861936928310242,0.43128686261326843,0,1059.960149090545,4.042612716882236,71930.39771459051,803.7001623340135,5.573790511527919,31.067140666398668,-0.06715294210544953,0.3335671937274376,0,1032.776411461482,3.2351777405866775,71879.43715992688,807.6455522799508,26.26626942387392,689.9169094475338,0.41025870117623453,0.700693089284985,0,1643.7817352629215,29.13078138730114,72257.50709722957
scrolling_up_20_15_brian_cleaned.csv,0,804.7339975314325,58.979302186266096,3478.5580863788928,0.042794123831129065,5.310673640357644,0,2259.2070931206076,63.53828360976505,72135.25784043955,801.6697945352211,8.466933621135102,71.68896494470798,-0.2674368136453288,4.24569373462894,0,1125.9631810085739,2.6423205797422624,71698.6842466914,810.6340467796125,127.78185406498503,16328.202228285129,0.5115897809419248,33.216302773558354,0,3666.828724046435,25.372137437638763,73308.82702048158,802.8803851142613,53.03758994146707,2812.9859467992087,-0.4815984994054489,9.36971204002548,0,2093.3677001537058,38.61299667274031,71937.84948599865
scrolling_up_20_15_friend_cleaned.csv,0,806.7814317237527,34.340544873223294,1179.2730221898626,0.2626870252985496,0.17752271948946685,0,1854.313591521005,35.186856932290475,72202.24895806653,805.3257993223563,6.441641438459039,41.494744421672635,0.025748593645888784,0.24633417266170055,0,1060.4568354672385,3.183761039918579,72025.02684618921,802.932899720458,6.563248663225876,43.07623301533625,-0.1236024097366615,1.896445478768353,0,1057.71436924977,5.083721307065444,71811.11152690089,807.9246744099324,27.913259387393765,779.1500496279261,0.3729544930010551,0.6493072136390499,0,1704.3452971945624,24.743460773899635,72286.00047393733
scrolling_up_20_16_brian_cleaned.csv,0,803.7861828849578,39.55829771235597,1564.8589178993877,0.2645922026360268,1.1524646190960635,0,1970.1141513496527,29.431316821256182,71952.85803280574,801.5681716145838,6.634510477669981,44.01672927831275,-0.11384235872789572,1.0787553176704598,0,1058.2259469789435,4.80479175685073,71689.0822763621,798.2622718712167,13.1015618764238,171.65092360176152,-0.3850739844185141,7.716894631085918,0,1231.1143753117044,7.590235012962732,71397.74947907505,802.0574056982414,39.7963342508169,1583.7482198027424,0.08177006715863339,4.150515579626271,0,2017.496365697594,16.463816714067416,71798.09723598354
scrolling_up_20_17_brian_cleaned.csv,0,808.6900695846109,27.544045924349447,758.6744658826714,-0.025870497386545628,2.051757282998704,0,1682.6725869028878,15.533110151887367,72353.8131626522,799.7805257054694,6.879949571495933,47.33370610632707,-0.006051354925392101,0.3312483180914345,0,1075.6597750117487,3.154920371355106,71529.10381617612,777.8098368955212,135.4983159960742,18359.79363777198,0.03269247738117171,0.7831715282694645,0,5452.914118881,82.0207679014585,70406.18478437915,807.3368680167802,26.657301377753416,710.6117167443742,0.007294568474597659,5.879073269826915,0,1660.6911371283975,27.08610847069873,72230.66409595338
scrolling_up_20_18_brian_cleaned.csv,0,804.7766267997187,42.211010074422774,1781.7693715030211,-1.6276968487718626,13.195303354005784,0,1980.3525333566652,73.58326097497817,72053.13268270402,796.6676104497151,5.653937804626141,31.967012698580664,-0.2460558774286871,1.7208706658366006,0,1003.7129726196744,4.743519388896349,71250.84221762186,793.7889810693886,9.682112545663255,93.7433033468898,-0.32786036101253474,2.1595190444413133,0,1150.855673705162,7.280286232561794,70994.59807365063,803.8821290082813,39.42553205618616,1554.3725779133624,-1.771912484646187,19.384747278836734,0,1884.4864740829273,68.10895366273198,71963.14303649348
scrolling_up_20_19_brian_cleaned.csv,0,804.4775566987792,29.839988684554918,890.4249246943655,-0.04504618094185288,2.3229864684872945,0,1729.3611236975314,51.05095158449224,71983.36566827625,798.015790787689,5.49300747801882,30.173131153570676,1.0185531599334348,8.183491101043257,0,1002.9526840733787,10.194338203758592,71371.346208136,803.0493346074412,14.183289169788585,201.1656916738422,-0.550090646289007,14.72237633518467,0,1255.187534621878,14.08979787523908,71827.15015318555,801.745929411144,33.19464571773546,1101.884504325973,-1.4777145661507272,18.982589244845393,0,1818.2666201063141,68.15470305659956,71748.72934949459
scrolling_up_20_1_brian_cleaned.csv,0,809.426968831451,36.624330139328016,1341.3415581544907,0.29037603094477277,-0.1750882919964023,0,1861.896740924156,6.724900180424731,72447.4904646336,803.9083956648126,5.333563649367892,28.44690120185854,0.0389785480046786,0.07231883104605563,0,1020.6088239440357,3.1735004888310985,71898.09158353359,805.8293662285353,8.485609614948386,72.00557053730448,0.06165799959757194,0.600656350472732,0,1146.6138812532874,2.127551628658788,72070.44462868471,806.8849852854756,31.90672822863167,1018.0393062557612,0.4034827401415777,0.931560186826772,0,1805.9757752041253,7.442195725499753,72203.8003414173
scrolling_up_20_1_emily_cleaned.csv,0,810.3972348626894,83.38853684838138,6953.6480777138595,-0.43299518558681055,8.61680885700563,0,3074.053028548033,53.012002310565514,72801.9357925052,507.7255952922895,472.22081032287275,222992.49370199055,-0.12275353064279093,1.7045408163698328,0,16146.322556098723,107.2568415413329,59877.336830857115,759.0580526945856,172.65722616973872,29810.517748628314,-0.051346135895363666,0.8663286578265899,0,6701.701836434492,115.67114820995643,69302.91871812312,788.9762166718344,101.81970058378008,10367.251426970624,-0.888982178236737,10.912857607079715,0,3201.5306708817784,54.39886269771062,71081.26060585979
scrolling_up_20_1_friend_cleaned.csv,0,803.8229126132815,16.275657468257883,264.8970260240586,0.5505326993352148,2.253696331871944,0,1357.6995620622533,18.76960777055916,71898.02335215577,804.2448274329465,5.159278771559876,26.61815744266838,-0.03708014600802643,0.3902475981000002,0,1013.3330759786538,2.32393166012753,71928.18650807004,802.8320266526174,4.788640665642062,22.931079424640856,-0.06052461320702991,0.24374295126132317,0,996.339412764466,1.5259150826347654,71801.84424951828,801.8468473682909,45.21217619906783,2044.140876655555,-2.148275845818884,26.377023065923435,0,1971.7695183922708,0.8167340522362126,71806.19848532884
scrolling_up_20_1_jimmy_cleaned.csv,0,803.408453313392,9.193795360578441,84.52587313219368,-0.2695168548799941,2.3136751374316047,0,1119.3970700481707,1.902116940094251,71855.02220097135,804.0250539564514,4.598726046214812,21.148281248134513,0.07766374944032312,0.6465419754811625,0,977.7011825867977,4.298082328718531,71908.71688896045,803.0724667382104,4.600230132631737,21.16211727317301,0.052292363997442186,1.5218360339569195,0,975.1487112222942,1.4562263763038858,71823.54387964314,778.947791617323,12.299619149036404,151.280631211343,-0.46869180262513893,2.6506148299381618,0,1196.6721268184663,5.8563001161138,69669.61580283036
scrolling_up_20_1_mom_cleaned.csv,0,835.1535875717915,237.02535587262523,56181.01932654463,-0.2778184328528025,4.975166892921533,0,5496.235013632562,29.07079482611287,77453.4408076247,811.0215898139508,346.4016710831447,119994.11772919519,-0.4234567429880674,3.8617077686710495,0,8691.328339615957,64.50000224304826,78398.60912390989,862.5451532365691,207.74089988068044,43156.281483234896,-0.12781030690480943,1.995331958913746,0,7081.302352916021,113.44100128329944,79037.55679135176,818.669296762584,232.10988271433106,53874.997653660525,-0.261792550515524,5.228297624480016,0,5465.704907434113,15.086866411610272,75913.28945441917
scrolling_up_20_1_sophia_cleaned.csv,0,809.1859327978074,23.84165164412288,568.4243531197072,-0.5051311574498579,9.650600696287057,0,1545.6283084913325,6.753461120024052,72390.69588169086,793.3832173574485,17.507365232671557,306.50783739015674,-0.20360021742685214,2.056814467427052,0,1371.99916008723,12.701320068450052,70966.36394216385,804.4434004995709,138.24174561342224,19110.780230246146,-0.3450665358120821,1.8264451452969057,0,6325.537678046403,274.1938302814466,72731.61747825949,792.9305925115444,23.650458039569585,559.3441654814417,-0.03278184448163534,2.347550454344309,0,1559.1671443873274,4.032350293818406,70936.27131532376
scrolling_up_20_20_brian_cleaned.csv,0,808.0975298960308,44.61492858825947,1990.4918529354916,-1.0161003723280506,18.68878321178513,0,1873.3683399092056,3.0566534742181104,72364.25483612188,800.2154205439449,4.857906174494328,23.599252400190114,-0.3148696126900188,1.6701796985954571,0,983.8549274684551,5.192083707776692,71567.99951173867,791.2797344481163,19.210669087127908,369.0498067751318,-0.09014445166736429,2.894926480766843,0,1441.1863025159207,2.6990007185676608,70780.392458873,805.3072259692818,52.76951320592492,2784.621523990285,-1.3543899545292974,26.511559558929406,0,2077.629616382191,25.975811420423575,72153.41619309683
scrolling_up_20_2_brian_cleaned.csv,0,809.2354185865696,62.575269803829265,3915.664391022027,-0.6217559299890731,5.9148136642316675,0,2272.963347034549,53.38102968296285,72560.66936465418,803.9924472910873,6.763140113854039,45.74006419962162,0.07307784439318991,0.2780552844731421,0,1068.9168698571561,3.4664750815148055,71905.86995446033,803.0127590660853,9.196214324734735,84.57035790645632,-0.40746060764482533,5.177867365020189,0,1150.5868597222939,2.2062006387352118,71819.13782519629,807.580912654628,65.13724538693923,4242.860736598336,-1.110488545521426,9.204193342039519,0,2223.4496906626505,31.99698102915829,72432.66085391174
scrolling_up_20_2_emily_cleaned.csv,0,815.0185692235303,45.54052593194998,2073.9395021586083,0.661922064156829,3.9944586800164723,0,2174.9337981905746,3.163877841655622,72978.7726019328,606.3927119906233,228.37104424168132,52153.33384803597,-0.0330393674570076,-0.06634078019226086,0,8633.711295399957,67.90394015289034,57309.0788266647,785.9714673370024,114.53695159049722,13118.713279643905,-0.13579253488881446,0.49687554977511894,0,5110.274139183739,35.316299907878395,70857.82148421802,806.0592669845507,44.422075478767916,1973.3207898413534,0.7225525951178917,5.674441762884978,0,2158.395041994368,13.307716771505616,72173.2516863
scrolling_up_20_2_friend_cleaned.csv,0,802.5140436096319,16.2013691599953,262.4843626584468,0.46395044226469223,1.8838610822294726,0,1351.4576481544268,15.380602757234348,71780.94103707201,804.1669568944634,5.058148122286835,25.584862426993837,0.0004409367261049443,0.5482588683129932,0,1009.1713726156685,3.743722024578417,71921.22206235417,802.9453292037176,5.195417069761637,26.992358528770602,-0.04101708264620106,-0.028501026526683404,0,1009.702539638663,3.153888064838158,71812.01867499515,804.4927830117756,13.76958102718561,189.60136166422993,0.7398542833419662,2.937773839546881,0,1292.0739461486862,6.453345304308671,71954.96000661724
scrolling_up_20_2_jimmy_cleaned.csv,0,803.3655103857218,11.588323344542605,134.2892379376711,0.05020600202193835,2.1488234749872595,0,1188.0541235361536,6.032608310412833,71852.84860903083,803.8065895332257,4.492608506817653,20.183531195530342,-0.1392815627786501,0.8483532306542592,0,972.1949143076758,1.2061544770542498,71889.19635196177,803.4720769852325,5.12553083981092,26.271066389852837,-0.20113430274887553,2.488931228006619,0,982.211688187473,2.760254859865191,71859.47697012099,796.2365951198818,16.40506453172421,269.1261422900357,0.3055057178088325,1.4753971114001896,0,1324.0057681563917,5.5378683624105705,71220.37259101418
scrolling_up_20_2_mom_cleaned.csv,0,819.0426259030929,49.475693242170195,2447.8442217933257,0.2474587352736659,2.1355383367640783,0,2405.511339211515,25.751374084874403,73351.48536667078,815.5700279115762,133.78522209349364,17898.48565060542,0.2029377994090869,12.883092409504446,0,3284.9153780890183,29.03920918492854,73848.59566098398,787.0673431656027,175.9695465683097,30965.281319456524,0.3325994493314574,2.3855573721065415,0,6378.387275779727,105.37950063470097,71852.67902073373,802.488921867684,50.559999854694915,2556.31358530675,0.3296028288326435,1.7150901128323675,0,2303.8160201606497,23.46924723384487,71882.18236723883
scrolling_up_20_2_sophia_cleaned.csv,0,809.5386203138887,62.97246648449074,3965.5315351403096,-0.05832485172369572,1.5426846933942757,0,2731.41099902009,31.620970626714474,72574.66433227049,744.7138227322098,96.59222236467905,9330.057421347603,-1.1521086843058947,16.807763960367023,0,2945.7413374221414,8.658777138854374,67102.48251319567,725.8752814647822,189.23676467111991,35810.55310319282,-0.3094232309250183,0.740841760284177,0,6032.987000164388,73.63850526945676,66822.23489274285,805.1211547762846,57.93535707629096,3356.505599557337,0.1822084163829846,0.7155834947463666,0,2664.03777204962,10.440993636694703,72149.23549135041
scrolling_up_20_3_brian_cleaned.csv,0,804.3168917141089,53.13462090658232,2823.287938886215,-0.2006957665043231,2.8804319532898512,0,2195.6402376918522,16.17503016272149,72063.6381439554,803.021200552816,6.97790466896349,48.691153569142465,-0.13050608450500234,0.3176065850412635,0,1080.0598636150412,1.7136966625289372,71818.99010377892,799.1928438358113,13.710751396275603,187.9847038504734,-0.167232269195284,8.320392929869714,0,1245.0417619209825,7.756587688721172,71481.65620468055,808.2352150492218,48.92464873160511,2393.6212535109494,-0.9750375846773613,10.7102178693849,0,2044.0560241749417,6.480986654071509,72394.21050154607
scrolling_up_20_3_emily_cleaned.csv,0,806.2924824679951,48.36105767800562,2338.7918997353863,-0.09411300102495389,5.864572655662949,0,2290.5115034502223,9.189285190258728,72210.26306373467,599.4560156941163,220.24062918118554,48505.934742124475,-0.06278626965331413,-0.3998964353654286,0,8377.953197648843,147.13659967499103,56502.99983394842,797.9817247459162,105.90100782027795,11215.023457350571,-0.1902170916851015,0.28204427936560394,0,4962.200735230826,58.34780028949557,71828.15743652596,799.5562242405217,54.787355245927955,3001.6542948435094,0.715242704991044,8.582038860243237,0,2431.1589171247583,19.449553281077986,71640.9166942901
scrolling_up_20_3_friend_cleaned.csv,0,803.97390870494,19.860996414396524,394.45917857267153,0.1145421559816291,11.884849224522236,0,1389.4212786685987,9.085271699680272,71918.12813544428,804.6904385563179,6.854586758221941,46.98535962599158,0.29192578233697836,8.528718832245064,0,1053.3114130112242,1.3303895757229571,71968.60417008612,803.7482634000634,5.590814229936132,31.257203753656352,0.010664791735910364,1.274378146029151,0,1024.827390980764,2.781809557045549,71883.8641319487,805.1700787964239,16.03625030571295,257.16132386747876,0.20550182923355692,5.635632284107299,0,1317.3462597422333,2.961546370923894,72018.83419338221
scrolling_up_20_3_jimmy_cleaned.csv,0,803.102200771289,14.915534784518208,222.47317790817263,-3.1362936513695714,39.241352030925945,0,1201.8599133525772,2.4623946522276223,71833.97702179843,804.1462355100019,4.079218536077762,16.640023865080394,-0.005289617064677822,0.7868921098123765,0,962.1133506353333,0.588637471571367,71919.51603098205,804.2662536202647,4.264866876805566,18.189089476873267,-0.13563674858290936,0.9259044889778747,0,960.4134362779688,0.5153003535358675,71930.36044854183,807.3758636105048,11.117151861897248,123.59106552048546,0.25774428750625744,3.3971696630335924,0,1176.5505266395764,5.355592980926047,72211.15298150164
scrolling_up_20_3_mom_cleaned.csv,0,830.5965377464044,266.1677921878996,70845.29359818088,-0.2660475492162896,4.317470442176254,0,9005.760476762689,210.85794359788605,77490.08097722921,747.0039087044217,494.1585212280573,244192.6441023003,-0.6175380391131032,1.661848914345211,0,15913.167963762042,126.8841843165966,78512.3350976703,807.3758688049996,245.04971300752769,60049.36184507168,-0.2035878568830633,8.058673095907732,0,8522.84429985562,93.22324736958696,74983.61366770859,791.6267919318508,254.02681547468785,64529.62298021111,-0.2187656438503607,4.3257237568885865,0,8630.08369464061,195.0025138287278,73858.49938413803
scrolling_up_20_3_sophia_cleaned.csv,0,804.5446215260091,44.39356549768492,1970.7886575972407,-0.6074173584140516,4.820741206692147,0,2035.6091657871134,3.036333072599395,72041.35630322155,789.6502951293621,137.78015186223453,18983.370247180406,-2.862041670090547,44.136984286827264,0,3612.897686008877,3.0285167009653593,71604.2991565502,729.4707435272791,152.00472781266694,23105.43727740296,0.1048579463044102,3.2560454641875607,0,5557.269386999871,68.48863665602224,66415.04103017774,796.8228808109268,39.170607116188414,1534.3364618507903,-1.0427544070267973,11.319008243158386,0,1947.4546531260285,6.26244502910272,71329.47640914629
scrolling_up_20_4_brian_cleaned.csv,0,804.2331581880385,57.66850863268228,3325.6568879177507,0.17641782034209968,1.4249484644445687,0,2406.0329064648886,69.14994395427843,72077.32456835723,803.8416447852254,6.994194217083562,48.918752746285136,0.4552787332329881,2.936525166415932,0,1054.6814596725255,2.684543328543904,71892.767836897,797.7311566323817,20.046703709607556,401.8703296207933,-0.9495920424112185,28.96716245583088,0,1305.201070483608,8.376395524169688,71361.83151397211,806.4488856949988,50.725539264646876,2573.080333689232,0.24943468472971692,2.7871072051107397,0,2111.0398688937416,35.38752294551124,72242.6745225477
scrolling_up_20_4_friend_cleaned.csv,0,802.4659958455284,15.362021835384525,235.99171487083092,1.1314968391870361,7.012210731623231,0,1347.594147459292,18.767144937517298,71775.24004590878,804.232722630277,5.818625133987549,33.85639844987162,0.015471670784957496,0.4199921655812715,0,1045.1414766313662,2.186455982642036,71927.05105743936,803.6441882870263,5.43462776112269,29.535178901965423,0.046925734527780746,0.1547730545399002,0,1031.8953995380184,0.7498290309337273,71874.35769953397,803.2281062354116,14.709805402259034,216.37837497232906,0.8280347555337583,3.7309481683080348,0,1311.3167966205008,10.61792790339502,71842.98423682377
scrolling_up_20_4_jimmy_cleaned.csv,0,797.2621698964373,8.055540431586302,64.89173164492162,0.028360132409952568,0.18675654531090036,0,1093.2973158466352,3.275424390081463,71304.55462538419,805.625269035313,5.17999786298334,26.83237786051197,0.04493863478129829,0.20093818721365286,0,999.9791819613752,4.302791326763696,72051.86511598373,804.3146091336199,7.93154563253473,62.90941612098076,-0.24217696440207687,5.628658606709388,0,1053.4954270714804,1.3067951649871603,71935.86924150452,788.3386264527093,18.53224817764344,343.4442225177686,0.1048115671130618,6.322451809746289,0,1370.5660725109535,21.142521006438958,70517.31048923772
scrolling_up_20_5_brian_cleaned.csv,0,808.6155377111563,37.326987212486884,1393.3039743611596,-1.2669950753492971,13.943666470470106,0,1870.035157617019,34.914547812936405,72377.6257528762,801.3752327108141,6.247049796237421,39.02563115667001,-0.2790582791466903,2.9717357048036606,0,1020.9107904765475,1.4256983300948685,71672.08672837706,800.7334688838182,12.607525504691399,158.9496993514441,2.22763904195346,23.91625592626289,0,1180.2828568421962,9.554412979738272,71618.92959650165,805.227458535311,38.29214585427764,1466.2884341252725,-2.2956058613278407,29.384985834022253,0,1957.458326012883,21.987006963929595,72076.53763826602
scrolling_up_20_5_friend_cleaned.csv,0,803.1064086856064,19.19065595868085,368.2812761244528,0.5291720012355526,2.3341496285148136,0,1414.1562393625359,11.51135118243875,71838.60573141385,803.7294617531536,5.460727045453003,29.819539864941877,-0.10083342005302864,1.1211391219408142,0,1014.4385710407474,1.44624620625355,71882.24970328266,804.1301530529992,5.36736672932107,28.808625607022762,-0.2866340327649426,1.969569444390424,0,1008.3917369037467,4.262112154044918,71918.12018325766,806.83782870835,18.015897650388126,324.57256814926035,0.4596371990021469,2.737510853479179,0,1382.0687073552817,18.69056595798418,72170.52304604153
scrolling_up_20_5_jimmy_cleaned.csv,0,802.2107307383525,20.28507991045537,411.48446697356,-2.6186958557114544,39.4722833715723,0,1364.9244893946488,5.6452202654955395,71761.86241649296,803.8660986196372,8.967113830991146,80.40913045795271,4.193648042858191,56.75957434987498,0,1076.1919213339827,1.2227606227363732,71896.38822404532,802.2184285347355,73.22352064041432,5361.683974977182,5.727993971817924,93.08303303443513,0,2388.283963576074,3.288251281960616,72011.24541674787,792.5892946605433,15.823890067207058,250.3954968590542,-3.396474562696982,46.55652826709492,0,1291.271986284332,7.608738996512546,70893.70811518322
scrolling_up_20_6_brian_cleaned.csv,0,806.3422703035997,43.50841965609782,1892.9825809711192,-0.4564057089268218,13.002387174611556,0,1965.7101213215153,9.099620388781448,72199.5900709348,804.9529263440288,5.289156706392368,27.97517866477536,0.13574315612242135,1.4202020252347705,0,1003.1661416900191,2.7262385923861814,71991.74355566635,823.0007960602034,130.14524692365924,16937.785296820235,0.06618002924106271,9.412802189707984,0,4890.433876180813,137.19751403601353,74365.39170620829,803.3954677247646,45.957821510990975,2112.1213580361045,-0.4915448999661871,21.280451760204166,0,1972.6208997914982,14.788571496242295,71948.29981322825
scrolling_up_20_6_friend_cleaned.csv,0,803.0344242109676,38.93968983739983,1516.2994446328996,0.17167306660882212,-0.29220862400029635,0,1729.5987074909108,53.084962170626405,71889.1623216698,804.1284215371671,4.687662582270884,21.974180485222533,-0.0640679153988513,0.2114801442552059,0,989.2910857513149,2.1935366600479584,71917.85050464315,803.8342826150381,4.445774236603828,19.764908562850348,0.10865166533398536,0.5231236248060069,0,979.7722851078047,3.4103240417731358,71891.54732672535,807.1243036986506,26.730337128612778,714.5109230092947,0.21808365017538314,0.23229478945754556,0,1553.926921576889,27.010274596504352,72214.24940386628
scrolling_up_20_6_jimmy_cleaned.csv,0,803.3399603564309,11.641743765129583,135.5301978929335,0.14668859710694127,1.0637984174600348,0,1176.7222086446288,0.5589625453539193,71850.81882720892,803.4065128212357,5.114099806165221,26.15401682741915,-0.12930728883384301,0.4362043186804274,0,1001.3152403536695,1.9493694504350987,71853.34211098788,804.8349279005479,4.812072451199117,23.156041275589473,0.16052855035697927,0.33774598429919545,0,985.3087892522412,2.992909844054184,71981.16754480595,803.8371560105592,11.024442065742644,121.53832286091593,0.15257492176646054,0.5831128732493971,0,1210.2308630619082,4.108869992345932,71893.95602808215
scrolling_up_20_7_brian_cleaned.csv,0,809.575913082619,59.070433394545404,3489.3161014194247,-0.7833026285022306,7.260748980026596,0,2271.441881166726,22.08541410907575,72567.60202476163,803.645820067287,6.058648759069037,36.70722478576878,-0.07545845863491327,0.4156185519686284,0,1031.2804637003796,1.939095504909017,71874.91157969675,803.3244481284,22.013533232289134,484.5956453690981,-1.574673326897924,29.432116524914555,0,1374.6153679115034,2.3053992933357286,71865.34675936656,806.3302151942089,56.04728850751326,3141.298549044428,-1.1263191346044341,11.57128406976692,0,2109.7726533309747,7.981158860040827,72263.56920278833
scrolling_up_20_7_friend_cleaned.csv,0,803.1584581396139,16.631320412301555,276.6008186566384,1.0175662706622957,4.392403801368158,0,1307.3640391357333,3.726091763571827,71840.179567337,804.0188153264323,4.826922305182967,23.299178940272842,0.06393325440018531,0.06293442035621188,0,998.8800659271691,3.894832646967017,71907.98740013235,804.0327165579832,4.763654389349832,22.692403141171926,0.09808997839833328,0.26499239247456474,0,989.9740243186229,1.071878943850646,71909.32027441774,804.2479821280336,17.03891550519773,290.3246415932676,0.8972919134965681,4.274804838058918,0,1320.1540555649183,4.044004208564727,71938.154230796
scrolling_up_20_7_jimmy_cleaned.csv,0,803.5702752954653,10.56778831569972,111.67814988543952,0.1464541918278421,1.8172736520157375,0,1183.7593840127936,1.881872264277598,71869.97652670505,803.7832265737131,5.374542698238964,28.885709215193764,-0.014876688890746698,0.767729617791661,0,1009.5117869640342,3.6225292076661884,71887.07634415233,805.0833918593986,6.477164845598379,41.95366443705547,0.13462856902215775,1.859871598363731,0,1034.5944826981254,3.1009977162219458,72003.74534981408,801.4993055338568,10.563285474754021,111.58300002114927,-0.011654503634060526,2.174625644188426,0,1179.1154981274426,2.5642084610878157,71684.8054557539
scrolling_up_20_8_brian_cleaned.csv,0,808.1261675779631,29.545085187263616,872.9120587226639,0.1683380282745015,0.49099675756505157,0,1630.3430057219673,28.881646512561076,72310.90946071268,804.1299515693277,5.718647551724177,32.70292982084093,-0.3977561233701933,3.754752714837557,0,1020.7497754777837,5.0912820790426006,71918.14439151369,805.9459918378028,10.065680379339813,101.3179214990265,-0.06950365306908976,2.1491451871927705,0,1184.700866255644,6.9704047429300475,72081.88718386138,807.0162822505746,24.91439968220681,620.7273115247468,0.4533246665164227,2.6029517587010824,0,1607.3408529396497,14.444422287021697,72198.22637494409
scrolling_up_20_8_friend_cleaned.csv,0,803.7968070890261,37.98336582134373,1442.736079118023,0.1749667665713449,-0.3839366628908145,0,1752.9045030656036,14.690258946214735,71952.63878685828,803.1893252536048,4.750467187333051,22.566938497927985,0.12458302684073752,0.3364120458057811,0,996.5014167474054,0.9509141026670968,71833.78199342,803.0232229809637,5.00180059481172,25.018009190258876,-0.07759480580811408,0.3355001617244797,0,1007.7206737865142,1.973244130536124,71818.90413584028,805.2834302361997,28.07621340082034,788.2737589284036,0.15337867252159462,-0.06261003548824906,0,1575.248679760489,5.885217880449586,72053.28040761522
scrolling_up_20_8_jimmy_cleaned.csv,0,803.243272032908,8.549457207820902,73.09321854836078,0.06655519308834823,0.7500625968286396,0,1103.9137203938471,2.4330598599512654,71839.85022034882,803.8108201093455,5.322050746139014,28.324224144478833,-0.25297955604466965,0.7978131970373816,0,997.9642399760686,0.9504519748148528,71889.67456487427,804.7029846592402,6.060940546578508,36.73500030915939,0.38928038231531925,3.192877311050463,0,1023.5631493509036,3.455462133215496,71969.5860061921,803.4801405690021,9.416618574753482,88.67270538239231,0.0372305384801138,0.7514233649792055,0,1151.5895263687783,1.454301133452636,71861.15657880394
scrolling_up_20_9_brian_cleaned.csv,0,809.8706254606037,35.15152768188366,1235.629898370233,-0.0309981376862782,2.4920253284347798,0,1840.678679644461,33.39848970008618,72481.8539044564,804.7759666674586,5.2266872273109,27.318259372134904,-0.02472209319996779,1.1444944637432393,0,1015.4679746074703,1.2362174793541758,71975.70559399611,810.3929761197151,7.934081415429641,62.94964790666601,-0.6937721895112796,5.157480669680254,0,1125.3468536063567,2.325175015153525,72478.48877181446,808.2436130860498,31.658780375570128,1002.2783748685843,-0.44398225507350675,8.500741751439511,0,1798.2999683199682,11.983880687237852,72324.5825891837
scrolling_up_20_9_friend_cleaned.csv,0,805.1246264826103,23.832371409675183,567.9819270087031,0.632204197774902,1.4013379716842866,0,1546.3943339199184,16.039751850362897,72027.47576687849,803.8600719841627,7.632927308995047,58.26157930440237,0.007687203976251961,2.813980183820526,0,1096.1670375409794,2.6130954963252044,71894.31531659322,802.6237561347351,6.9934328676909185,48.908103274899624,-0.10106003244903737,0.6574849972103896,0,1070.9040531659105,4.0651925102269,71783.58817809021,802.5676543690217,23.922393318988128,572.2809021083677,0.7895789054692949,2.513462674263401,0,1545.9213851519619,9.687314857291414,71799.0704725489
scrolling_up_20_9_jimmy_cleaned.csv,0,807.9606428531944,11.192408578917929,125.27000979743565,0.04111953552711774,0.4356006537407504,0,1190.7136144498866,1.47342830765048,72263.32014995374,804.1785991054471,4.304661143750211,18.530107562512875,-0.058133612055914274,0.20844590467893864,0,965.8935381295552,1.6030888806928136,71922.46537819033,805.5372904574259,4.28759830818287,18.383499252332616,0.11737795064683734,0.23305381233220324,0,959.4780107795257,0.43599282238290527,72044.07721733466,806.9955189482941,7.438557672016977,55.332140239922616,-0.09185125467885433,1.3443576177158478,0,1084.3345759383838,3.4255407147076995,72174.79450014538
