filename,direction,eeg_1_mean,eeg_1_std_dev,eeg_1_variance,eeg_1_skewness,eeg_1_kurtosis,eeg_1_dominant_freq,eeg_1_mean_freq,eeg_1_median_freq,eeg_1_freq_std,eeg_2_mean,eeg_2_std_dev,eeg_2_variance,eeg_2_skewness,eeg_2_kurtosis,eeg_2_dominant_freq,eeg_2_mean_freq,eeg_2_median_freq,eeg_2_freq_std,eeg_3_mean,eeg_3_std_dev,eeg_3_variance,eeg_3_skewness,eeg_3_kurtosis,eeg_3_dominant_freq,eeg_3_mean_freq,eeg_3_median_freq,eeg_3_freq_std,eeg_4_mean,eeg_4_std_dev,eeg_4_variance,eeg_4_skewness,eeg_4_kurtosis,eeg_4_dominant_freq,eeg_4_mean_freq,eeg_4_median_freq,eeg_4_freq_std
scrolling_down_20_2_sophia_cleaned.csv,1,815.3967114233,17.5391491682,307.6217535458,-0.1592769793,2.511439889,0,1417.7937171368,5.1254325726,72934.3876602955,802.5224696771,16.5639519346,274.3645036912,-0.0599917072,4.9847487067,0,1435.5500333561,4.6339347132,71780.7241009754,764.4587773023,124.0548180734,15389.5978872222,-0.1836462896,1.5583961629,0,5075.8958226205,48.31795809,69083.3876749994,801.3865573109,26.6105963044,708.1238356779,-0.5049881594,3.6422506253,0,1651.5297141923,14.0793002522,71698.675343922
scrolling_up_20_5_jimmy_cleaned.csv,0,802.2107307384,20.2850799105,411.4844669736,-2.6186958557,39.4722833716,0,1364.9244893946,5.6452202655,71761.862416493,803.8660986196,8.967113831,80.409130458,4.1936480429,56.7595743499,0,1076.191921334,1.2227606227,71896.3882240453,802.2184285347,73.2235206404,5361.6839749772,5.7279939718,93.0830330344,0,2388.2839635761,3.288251282,72011.2454167479,792.5892946605,15.8238900672,250.3954968591,-3.3964745627,46.5565282671,0,1291.2719862843,7.6087389965,70893.7081151832
scrolling_up_20_3_emily_cleaned.csv,0,806.292482468,48.361057678,2338.7918997354,-0.094113001,5.8645726557,0,2290.5115034502,9.1892851903,72210.2630637347,599.4560156941,220.2406291812,48505.9347421245,-0.06278626970000001,-0.3998964354,0,8377.9531976488,147.136599675,56502.9998339484,797.9817247459,105.9010078203,11215.0234573506,-0.1902170917,0.2820442794,0,4962.2007352308,58.3478002895,71828.157436526,799.5562242405,54.7873552459,3001.6542948435,0.7152427050000001,8.5820388602,0,2431.1589171248,19.449553281100002,71640.9166942901
scrolling_down_20_2_jimmy_cleaned.csv,1,810.9893816284,12.1694959314,148.0966312239,-3.7814571645,58.4212345209,0,1178.0751963205,6.0497041989,72535.6945282625,808.610918951,5.068364346,25.6883171435,-0.0813053019,0.7051194111,0,999.8107965985,2.6327393879,72318.8689429987,808.7605283737,5.1699284819,26.7281605078,-0.0478222915,1.1267177732,0,1006.2832246712,3.3115987989,72332.2191742411,802.3087245023,12.2368723241,149.7410442775,-4.2207315605,57.7807402037,0,1206.4712223973,1.893495089,71758.8776466217
scrolling_down_20_3_emily_cleaned.csv,1,804.3552586983,67.0046067554,4489.617326451,-0.4962238102,23.7123278035,0,2677.5095033114,17.2111131763,72143.2079229862,611.1752430532,330.602160052,109297.7882310775,-0.4522903663,2.5098922427,0,11725.8545045024,60.8556778686,61033.2595063462,764.5841037623,147.6325402032,21795.3669268386,-0.4347404046,2.0654788483,0,5849.0213783773,38.6470059169,69403.4646308851,781.1897072313,66.0503000412,4362.6421355289,0.373259657,16.1145906531,0,2257.608851176,13.7426869218,70084.6548553256
scrolling_down_20_1_friend_cleaned.csv,1,814.8405743339,70.1230030044,4917.235550359,-0.0677103547,0.7540189278,0,2619.2843706382,91.1722801324,73103.9917459986,818.548063101,11.1069740096,123.3648716502,-0.39480999170000003,3.8288966836,0,1220.8460069159,3.2864063971,73209.7246510783,824.0214827779,7.9575270004,63.3222359614,0.0844914026,0.10714696110000001,0,1146.929850558,2.2128499507,73697.2339991065,776.0303862988,83.5627605621,6982.7349527631,-0.15866237730000002,2.7476208834999998,0,3033.6450644095,100.5510918563,69745.5172622748
scrolling_down_20_3_jimmy_cleaned.csv,1,798.2387351206,32.0009312058,1024.0595980379,-0.25133840560000004,1.4185249327,0,1697.154054745,5.7296716421,71433.8277485874,804.6778930087,5.5209420626,30.4808012589,0.0374017247,0.6822393582,0,1018.9797229171,5.9502974348,71967.0590494648,805.8967848576,5.9802126004,35.7629427457,0.12351527370000001,1.2703945164000001,0,1020.5899227268,1.9042123588000002,72076.3587228082,800.6244702953,8.8415898385,78.1737108728,0.052209896400000004,1.1131605989,0,1119.4489203798,6.8795257089,71605.645623185
scrolling_down_20_2_friend_cleaned.csv,1,815.917776389,45.0104286554,2025.9386877454,0.30342808930000004,0.6702102781,0,2077.0850935041,12.8652912854,73059.3302987287,806.5406580453,8.5749031754,73.5289644682,-0.1359191927,1.8518578683,0,1140.7752505015,2.954167877,72134.2460600789,809.6111058236,7.3438673376,53.9323874729,-0.0080319316,0.4271155072,0,1101.9081125697,1.7368601653,72408.4134963784,790.7609897367,46.6663366699,2177.7469781916,-0.5756895314,5.7300595196,0,2160.044325718,12.747274845,70817.9182813507
scrolling_up_20_2_friend_cleaned.csv,0,802.5140436096,16.20136916,262.4843626584,0.46395044230000004,1.8838610822000001,0,1351.4576481544,15.3806027572,71780.941037072,804.1669568945,5.0581481223,25.584862427,0.00044093670000000003,0.5482588683,0,1009.1713726157,3.7437220246000003,71921.2220623542,802.9453292037,5.1954170698,26.9923585288,-0.041017082600000004,-0.028501026500000002,0,1009.7025396387,3.1538880648,71812.0186749952,804.4927830118,13.7695810272,189.6013616642,0.7398542833,2.9377738395,0,1292.0739461487,6.4533453043,71954.9600066172
scrolling_down_20_10_jimmy_cleaned.csv,1,804.3899626049,7.1399124556,50.978349874,0.068180328,0.2628302313,0,1065.1313168853,2.6456248479,71941.7748364263,806.8547163783,43.6198578171,1902.6919959829,-0.1254667995,26.0973599659,0,1935.2933497708,1.6713613129,72246.733764661,804.6303625015,3.839743985,14.7436338707,0.0707697575,-0.0520051927,0,952.81410655,2.1606803773,71962.8393108596,805.2202185073,6.7448098994,45.4924605789,-0.0195484868,0.717702065,0,1053.5509617507,1.2958262537,72015.9060687718
scrolling_down_20_18_brian_cleaned.csv,1,808.0345307672,41.2433078424,1701.0104417802,0.24458065110000002,1.7922936184,0,1925.3312041056,47.3119686616,72341.2600496815,805.7528281051,6.191946754,38.3402046047,-0.0329759408,0.571485896,0,1051.9773826748,2.2267639437,72063.1735831725,804.5692621719,21.064335178,443.7062164907,0.40880554300000005,6.1697476671,0,1496.9459892125,8.6448094692,71971.9524522285,807.4636531957,36.6882552684,1346.0280746408,-0.1922812887,7.6139073518,0,1800.7899981511,24.8519514675,72273.8157551448
scrolling_down_20_5_friend_cleaned.csv,1,806.5945994274,41.6095863799,1731.3576787096,-0.3021299266,3.2542067062,0,2134.5759118266,104.7817310817,72208.3893903807,805.4125753001,5.6671872311,32.117011112,-0.1065104384,0.5056462241,0,1037.1182761291,3.1283827,72032.6080415316,803.7040017161,5.1945708474,26.9835662882,-0.016534761800000002,0.2377116019,0,1013.6465244608,2.4833082112,71879.8256902895,823.5826679429,94.2901543118,8890.6332001461,0.015199667100000001,1.6985045266,0,3349.6543883602,110.2173429499,74068.908983014
scrolling_up_20_1_jimmy_cleaned.csv,0,803.4084533134,9.1937953606,84.5258731322,-0.2695168549,2.3136751374,0,1119.3970700482,1.9021169401,71855.0222009713,804.0250539565,4.5987260462,21.1482812481,0.07766374940000001,0.6465419755,0,977.7011825868,4.2980823287,71908.7168889605,803.0724667382,4.6002301326,21.1621172732,0.052292364,1.5218360340000001,0,975.1487112223,1.4562263763,71823.5438796431,778.9477916173,12.299619149,151.2806312113,-0.46869180260000004,2.6506148299,0,1196.6721268185,5.8563001161,69669.6158028304
scrolling_down_20_3_mom_cleaned.csv,1,832.8829309207,90.9593687665,8273.6067663964,-1.6907449778,27.3886327364,0,3143.7403210735,25.2670340503,74872.2197498554,807.7703159517,116.2732236952,13519.4625484757,0.1248769089,7.1232243088,0,3176.1300175783,8.4824169709,72924.6011007128,738.0294969648,248.9240430621,61963.1792144033,0.46212667420000003,11.9308424267,0,4972.7212866446,93.161777909,69486.8032122823,822.3312767659,80.5278178644,6484.7294499974,-1.9575992341,28.1435370582,0,2760.7572765517,31.8818223885,73851.7393167522
scrolling_down_20_2_brian_cleaned.csv,1,813.0482274834,61.7066761359,3807.7138797411,0.17934444830000001,-0.2768802187,0,2378.2353708126,67.8659329664,72891.5719514719,804.6081558051,9.536222456600001,90.9395387419,0.1132914812,0.3544266883,0,1179.051029288,4.5414771384,71961.7366323649,800.1426612941,14.9498339178,223.4975341694,0.17338100280000002,0.3652574635,0,1354.85177425,8.5772832635,71566.6008751869,807.19792698,48.7842908635,2379.9070350498,0.0746422169,3.2965974378,0,2051.4009430592,20.7991362733,72300.5987327284
scrolling_up_20_3_brian_cleaned.csv,0,804.3168917141,53.1346209066,2823.2879388862,-0.2006957665,2.8804319533,0,2195.6402376919,16.1750301627,72063.6381439554,803.0212005528,6.977904669,48.6911535691,-0.1305060845,0.317606585,0,1080.059863615,1.7136966625,71818.9901037789,799.1928438358,13.710751396300001,187.9847038505,-0.1672322692,8.3203929299,0,1245.041761921,7.7565876887,71481.6562046805,808.2352150492,48.9246487316,2393.6212535109,-0.9750375847,10.7102178694,0,2044.0560241749,6.4809866541,72394.2105015461
scrolling_up_20_18_brian_cleaned.csv,0,804.7766267997,42.2110100744,1781.769371503,-1.6276968487999999,13.195303354,0,1980.3525333567,73.583260975,72053.132682704,796.6676104497,5.6539378046,31.9670126986,-0.2460558774,1.7208706658000001,0,1003.7129726197,4.7435193889,71250.8422176219,793.7889810694,9.6821125457,93.7433033469,-0.32786036100000004,2.1595190444,0,1150.8556737052,7.2802862326,70994.5980736506,803.8821290083,39.4255320562,1554.3725779134,-1.7719124846,19.3847472788,0,1884.4864740829,68.1089536627,71963.1430364935
scrolling_up_20_7_brian_cleaned.csv,0,809.5759130826,59.0704333945,3489.3161014194,-0.7833026285,7.26074898,0,2271.4418811667,22.0854141091,72567.6020247616,803.6458200673,6.0586487591000004,36.7072247858,-0.0754584586,0.41561855200000003,0,1031.2804637004,1.9390955049,71874.9115796968,803.3244481284,22.0135332323,484.5956453691,-1.5746733269000002,29.4321165249,0,1374.6153679115,2.3053992933,71865.3467593666,806.3302151942,56.0472885075,3141.2985490444,-1.1263191346,11.5712840698,0,2109.772653331,7.98115886,72263.5692027883
scrolling_down_20_7_friend_cleaned.csv,1,804.10470389,45.8559002621,2102.7635888451,0.0642029214,-0.053386845200000005,0,1980.8542275437,64.3034393835,72010.9104304368,804.8399897086,6.4213619752,41.2338896168,-0.1344962475,2.4788777748,0,1045.7384196558,2.187655734,71981.7722295998,804.1514689176,5.9198182424,35.0442480236,0.006841514000000001,2.0045819802,0,1031.3176697466,1.2686516363,71920.0485435261,742.116308401,115.4556360058,13330.0038855053,-0.0466730489,1.3507238799999999,0,3777.2235276189,68.5255384136,67069.0107654796
scrolling_down_20_2_emily_cleaned.csv,1,804.5827387017,88.3258224925,7801.4509189754,0.1303356733,17.6995701627,0,2952.8098188583,11.8558268724,72336.1029321326,429.1616914294,465.7984565329,216968.202108399,0.2815098601,3.7865429479,0,16594.6122100731,215.4852518967,54162.5844415383,665.9351468845,134.7699024396,18162.9266035823,0.0062503278,0.6371937274,0,5539.2911919946,48.1483133649,60517.4227957618,790.6833998689,79.5587516049,6329.5949569241,-0.027938948600000003,18.4506817789,0,2628.8758559474,11.1170784683,71029.2992533354
scrolling_up_20_14_brian_cleaned.csv,0,807.2593803068,69.6982265676,4857.8427866709,-0.6586320665000001,7.9314789158,0,2422.3430954176,15.1946031371,72431.5662893235,802.6524066152,8.0562897554,64.9038046231,-0.3032818913,1.8203394777000002,0,1109.5592791755,3.1031973467,71786.4550629187,805.3265376305,42.1685425901,1778.1859841756,-1.9417022769,25.9484638832,0,1802.8438830324,5.6140865993,72106.7272958406,806.6609839006,66.0782220574,4366.3314302681,-0.8797857226,10.8656810283,0,2219.7648158918,17.9159486536,72357.5460671021
scrolling_up_20_9_jimmy_cleaned.csv,0,807.9606428532,11.1924085789,125.2700097974,0.0411195355,0.4356006537,0,1190.7136144499,1.4734283076999999,72263.3201499537,804.1785991054,4.3046611438,18.5301075625,-0.0581336121,0.20844590470000002,0,965.8935381296,1.6030888807,71922.4653781903,805.5372904574,4.2875983082,18.3834992523,0.1173779506,0.2330538123,0,959.4780107795,0.43599282240000004,72044.0772173347,806.9955189483,7.438557672,55.3321402399,-0.09185125470000001,1.3443576177,0,1084.3345759384,3.4255407147,72174.7945001454
scrolling_down_20_13_brian_cleaned.csv,1,806.3581145733,47.5135250436,2257.5350620649,-0.0597559448,2.5937961069,0,2194.0171106797,9.287597884,72214.6216730704,804.4752899836,6.7470386368,45.5225303663,0.048394071100000005,0.3441988445,0,1076.9451888576,2.9466825887,71948.9281458302,807.6821839016,9.4783922932,89.8399204634,-0.5777430889,5.2283627541,0,1156.9562601833,7.6502867744,72236.9999603504,806.9971239341,43.9345134539,1930.2414724296,-0.4681894867,6.1738806504,0,2082.8893134959,12.6985868252,72256.8781359168
scrolling_up_20_4_brian_cleaned.csv,0,804.233158188,57.6685086327,3325.6568879178,0.1764178203,1.4249484644,0,2406.0329064649,69.1499439543,72077.3245683572,803.8416447852,6.9941942171,48.9187527463,0.4552787332,2.9365251664,0,1054.6814596725,2.6845433285,71892.767836897,797.7311566324,20.0467037096,401.8703296208,-0.9495920424000001,28.9671624558,0,1305.2010704836,8.3763955242,71361.8315139721,806.448885695,50.7255392646,2573.0803336892,0.24943468470000002,2.7871072051,0,2111.0398688937,35.3875229455,72242.6745225477
scrolling_down_20_19_brian_cleaned.csv,1,812.7114414521,52.3969564861,2745.4410490013,-0.2593945328,3.0738041827,0,2262.1052422912,72.6048367431,72806.8867577865,809.7309209779,7.2464478397,52.5110062936,-0.0929017464,0.7075332624,0,1103.3229875923,6.2944923001,72419.0308484332,814.848726384,41.7958016504,1746.8890356015,2.9011337364000003,39.5738031657,0,1761.6470583352,24.494421423,72956.8196959976,810.591073401,57.2779637467,3280.7651309665,-1.2902418592,18.4253442079,0,2188.1671264331,46.9103027555,72649.2799078436
scrolling_up_20_3_friend_cleaned.csv,0,803.9739087049,19.8609964144,394.4591785727,0.114542156,11.8848492245,0,1389.4212786686,9.0852716997,71918.1281354443,804.6904385563,6.8545867582,46.985359626,0.2919257823,8.5287188322,0,1053.3114130112,1.3303895757,71968.6041700861,803.7482634001,5.5908142299,31.2572037537,0.0106647917,1.274378146,0,1024.8273909808,2.781809557,71883.8641319487,805.1700787964,16.0362503057,257.1613238675,0.2055018292,5.6356322841,0,1317.3462597422,2.9615463709,72018.8341933822
scrolling_up_20_4_jimmy_cleaned.csv,0,797.2621698964,8.0555404316,64.8917316449,0.0283601324,0.1867565453,0,1093.2973158466,3.2754243901,71304.5546253842,805.6252690353,5.179997863,26.8323778605,0.0449386348,0.2009381872,0,999.9791819614,4.3027913268,72051.8651159837,804.3146091336,7.9315456325,62.909416121,-0.2421769644,5.6286586067,0,1053.4954270715,1.306795165,71935.8692415045,788.3386264527,18.5322481776,343.4442225178,0.1048115671,6.3224518097,0,1370.566072511,21.1425210064,70517.3104892377
scrolling_down_20_3_brian_cleaned.csv,1,813.2770330164,54.4381298575,2963.5099823838,0.1719067994,-0.0081876766,0,2276.4039893335,62.406458575,72868.9190305544,805.9821724461,8.8207459971,77.8055599457,0.1208165934,0.6650022605,0,1153.0457798488,1.940304398,72084.3322124238,796.3425798119,12.7937269954,163.6794504336,-0.1285797658,6.590214403,0,1259.6992580487,6.3229270896,71225.0971573595,811.5130208964,42.6551944787,1819.4656160197,0.1148445302,4.1598564743,0,2020.4597085587,26.8679418708,72656.0301193491
scrolling_up_20_3_sophia_cleaned.csv,0,804.544621526,44.3935654977,1970.7886575972,-0.6074173584,4.8207412067,0,2035.6091657871,3.0363330726,72041.3563032215,789.6502951294,137.7801518622,18983.3702471804,-2.8620416701,44.1369842868,0,3612.8976860089,3.028516701,71604.2991565502,729.4707435273,152.0047278127,23105.437277403,0.1048579463,3.2560454642,0,5557.2693869999,68.488636656,66415.0410301777,796.8228808109,39.1706071162,1534.3364618508,-1.042754407,11.3190082432,0,1947.454653126,6.2624450291,71329.4764091463
scrolling_up_20_15_friend_cleaned.csv,0,806.7814317238,34.3405448732,1179.2730221899,0.2626870253,0.1775227195,0,1854.313591521,35.1868569323,72202.2489580665,805.3257993224,6.4416414385,41.4947444217,0.0257485936,0.24633417270000002,0,1060.4568354672,3.1837610399,72025.0268461892,802.9328997205,6.5632486631999996,43.0762330153,-0.1236024097,1.8964454788,0,1057.7143692498,5.0837213071,71811.1115269009,807.9246744099,27.9132593874,779.1500496279,0.372954493,0.6493072136,0,1704.3452971946,24.7434607739,72286.0004739373
scrolling_up_20_17_brian_cleaned.csv,0,808.6900695846,27.5440459243,758.6744658827,-0.0258704974,2.051757283,0,1682.6725869029,15.5331101519,72353.8131626522,799.7805257055,6.8799495715,47.3337061063,-0.0060513549,0.3312483181,0,1075.6597750117,3.1549203714,71529.1038161761,777.8098368955,135.4983159961,18359.793637772,0.0326924774,0.7831715283,0,5452.914118881,82.0207679015,70406.1847843791,807.3368680168,26.6573013778,710.6117167444,0.0072945685,5.8790732698,0,1660.6911371284,27.0861084707,72230.6640959534
scrolling_down_20_8_friend_cleaned.csv,1,804.2426734453,33.4763124562,1120.6634956644,0.7751208462,2.341714366,0,1802.7618610194,16.3650692032,71973.3593720454,802.2532638871,6.8215612282,46.5336975903,-0.23372881510000001,1.0083638684,0,1075.9012768584,0.7685244267,71750.2407998045,807.8127966634,37.0662785828,1373.909007974,-0.2587909484,3.7396066354,0,2284.2723234057,5.7674468609,72292.9050027241,813.3744337644,32.6341619856,1064.988528502,0.8918595319,2.8728774076,0,1774.9428088101,9.7973968341,72787.3078034692
scrolling_down_20_4_brian_cleaned.csv,1,812.686266202,45.3206055895,2053.957290996,-0.35430812910000004,7.0967777817,0,2033.9356850194,38.3647060537,72773.3773311822,807.9879873472,7.3041192592,53.3501581527,-0.1082887812,0.2743336005,0,1074.8511950737,5.6211058157,72263.6017951152,791.1070683861,15.4785789656,239.586406793,-0.8743938710000001,13.6053819675,0,1281.4273280423,3.2565991653,70760.706220854,813.8010742358,46.2197948678,2136.2694376257,-0.6243025527,15.7404438617,0,1901.4937131483,15.7677238242,72881.0664597428
scrolling_down_20_1_sophia_cleaned.csv,1,787.4629016197,53.1522440924,2825.1610520556,-0.45081617830000004,6.0432211794,0,2322.2636180635,13.376452367,70554.8589847782,778.0970107839,126.8779942349,16098.025421062,0.1075549901,9.6410458915,0,3827.2116286834,4.8894030726,70410.2281065717,572.1260365242,222.7328075519,49609.903559971,0.172372411,3.4671270463,0,7040.0759782273,73.8222214326,54460.0088335319,762.4881631857,71.1892767863,5067.9131293521,0.0479951951,3.3373409068,0,2848.9363277468,24.2051418483,68436.3017039082
scrolling_down_20_4_jimmy_cleaned.csv,1,803.263674394,7.4111876963,54.9257030692,0.2727963559,1.0837724365999999,0,1073.2720146634,8.5660579089,71841.1280722234,803.3314706469,4.6514444963,21.635935902,-0.1468758796,0.2529621099,0,990.9848641583,3.9646735719,71846.5213403157,803.7018335502,5.0758138902,25.7638866483,-0.0939058625,0.8510580489,0,1001.8417501947,1.5898694565,71879.7293849403,797.9674295327,8.9704522968,80.4690144087,0.28299691650000003,1.7332328903,0,1120.3583042695,3.6785942722,71368.0924340601
scrolling_up_20_9_brian_cleaned.csv,0,809.8706254606,35.1515276819,1235.6298983702,-0.0309981377,2.4920253284,0,1840.6786796445,33.3984897001,72481.8539044564,804.7759666675,5.2266872273,27.3182593721,-0.0247220932,1.1444944637,0,1015.4679746075,1.2362174794,71975.7055939961,810.3929761197,7.9340814154,62.9496479067,-0.6937721895000001,5.1574806697,0,1125.3468536064,2.3251750152,72478.4887718145,808.243613086,31.6587803756,1002.2783748686,-0.4439822551,8.5007417514,0,1798.29996832,11.9838806872,72324.5825891837
scrolling_down_20_9_jimmy_cleaned.csv,1,803.4093751095,9.7314448716,94.701019289,-0.0323679044,0.7570498329,0,1153.9810733823,2.5478036072,71855.1239178265,805.3821223513,4.4437358798,19.746788569,0.0267553287,0.2028232423,0,970.9600740656,0.8782597389000001,72030.1193607259,803.7703981103,4.7757395166,22.80768793,-0.1486432071,0.9227086321,0,980.7512767887,4.6567246029,71885.9888201886,805.7200138086,9.0704644287,82.2733249528,0.0565718216,0.384755424,0,1136.6746224785,4.7928819804,72061.3904968733
scrolling_down_20_3_friend_cleaned.csv,1,810.0557298873,32.423126497,1051.259131841,0.22633849920000002,6.2661799761,0,1743.2650240208,12.4522406058,72490.6361748731,807.3582752656,6.6359413322,44.0357173645,0.0451305308,0.5566360675,0,1065.6613913484,4.8229772939,72206.8949936307,805.3797656251,6.5625957221,43.0676626114,0.1491889147,0.17605319560000002,0,1066.992940041,3.785601577,72029.8449208755,804.9395917555,44.2874630808,1961.3793861361,0.401166075,2.7447352463,0,2026.1916124234,14.9615406933,72076.3872031868
scrolling_down_20_7_brian_cleaned.csv,1,810.7614286493,71.9583360701,5178.0021299846,-0.25394431700000003,3.3499828363,0,2529.437455108,47.872417775,72757.7730464741,801.2483731559,6.8773517104,47.2979665484,-0.1999734713,1.0507862386,0,1056.6643071254,6.2229863572,71660.682670876,798.9613437679,13.8730613232,192.461830478,-0.2396915409,14.5679560091,0,1190.4017531642,3.1183011216,71462.1317659286,806.7823365991,62.8903254417,3955.1930341578,-0.7348392217,10.0175149185,0,2181.4543358248,20.0575322949,72346.808880884
scrolling_up_20_10_friend_cleaned.csv,0,803.6873059299,27.8404389292,775.0900397682,2.3433678333,24.26601509,0,1540.3976962421,19.4854764895,71910.5931408502,804.9279434637,6.4638457295,41.7813016143,1.4081951449,11.9960153667,0,1058.2768619255,5.6887409273,71989.4868162321,803.9857123522,5.6732804518,32.1861110843,-0.888244989,7.1569508065,0,1029.007283043,4.9608575969,71905.0958280828,809.0614250712,22.926435476,525.6214436362,1.3032334604,12.221655787,0,1474.9447239338,10.6161748558,72378.6715842081
scrolling_down_20_5_brian_cleaned.csv,1,811.240019751,48.1791486693,2321.2303665012,0.20485766730000002,-0.1150682157,0,2143.609817268,54.9412760794,72655.7321607722,803.9256342903,5.9260120578,35.1176189092,-0.0771045902,0.4342599311,0,1017.5083051316,1.51096113,71900.0485843731,805.4028197626,8.3301376341,69.3911930032,-0.1471294639,1.4101342023,0,1110.8598698597,0.6735323149,72032.7055382078,802.2172527902,39.0362974177,1523.8325160797,0.3207804242,2.3530397422,0,1922.6880563861,22.5519332247,71811.6464950346
scrolling_up_20_2_sophia_cleaned.csv,0,809.5386203139,62.9724664845,3965.5315351403,-0.0583248517,1.5426846934,0,2731.4109990201,31.6209706267,72574.6643322705,744.7138227322,96.5922223647,9330.0574213476,-1.1521086843,16.8077639604,0,2945.7413374221,8.6587771389,67102.4825131957,725.8752814648,189.2367646711,35810.5531031928,-0.3094232309,0.7408417603,0,6032.9870001644,73.6385052695,66822.2348927429,805.1211547763,57.9353570763,3356.5055995573,0.18220841640000002,0.7155834947,0,2664.0377720496,10.4409936367,72149.2354913504
scrolling_down_20_2_mom_cleaned.csv,1,837.0750480486,61.1173450733,3735.3298688106,-3.8184295409,47.5698241651,0,2878.5701502383,135.692069192,75014.3308044189,807.9470237562,44.7121854382,1999.1795266555,0.2873048407,7.1652714431,0,1992.6776823506,47.022911764,72348.1016907869,731.6284914912,234.970179402,55210.9852082299,2.5872856563,16.8129388983,0,5692.802365335,328.6562829246,68494.2820124647,828.9397529818,60.971484302,3717.5218979917,-3.771681276,48.4742939787,0,2760.5489589933,129.5179026149,74291.6195791686
scrolling_up_20_16_brian_cleaned.csv,0,803.786182885,39.5582977124,1564.8589178994,0.2645922026,1.1524646191,0,1970.1141513497,29.4313168213,71952.8580328057,801.5681716146,6.6345104777,44.0167292783,-0.11384235870000001,1.0787553177,0,1058.2259469789,4.8047917569,71689.0822763621,798.2622718712,13.1015618764,171.6509236018,-0.3850739844,7.7168946311,0,1231.1143753117,7.590235013,71397.749479075,802.0574056982,39.7963342508,1583.7482198027,0.0817700672,4.1505155796,0,2017.4963656976,16.4638167141,71798.0972359835
scrolling_down_20_9_friend_cleaned.csv,1,804.4370595192,43.1444261849,1861.4415108206,0.101590094,-0.5822372026,0,1797.1014252992,45.9411451548,72032.0203724371,804.8650403675,4.6881306843,21.9785693129,-0.0386153745,0.0545981409,0,988.6372439437,0.8533066407000001,71983.7500316726,801.0513730419,5.6118404001,31.4927526763,0.1414864553,2.3852286191,0,1021.7378982152,7.2068314182,71642.6854620559,810.9432468431,29.6614997793,879.8045691556,0.1141798364,0.0734758794,0,1631.6790135792,24.9110511258,72563.1227080894
scrolling_down_20_11_friend_cleaned.csv,1,802.381762233,33.7814337491,1141.1852661479,0.2283604467,-0.055417019000000005,0,1662.6339072005,33.3093699624,71811.5306085864,803.0631595851,5.265836148,27.7290303373,-0.3118282241,1.9666698774,0,1011.1540912006,3.2322491392,71822.5791668577,801.4267972596,6.4461477886,41.5528213129,0.6972911099,5.0831528389,0,1047.8219538904,0.590439485,71676.4517892522,806.3674172655,25.4946631334,649.9778482851,0.3964955922,0.7761908811,0,1574.0531653594,16.7320502768,72142.5590235051
scrolling_down_20_14_brian_cleaned.csv,1,803.6118027689,40.7186590139,1658.0091918942,0.1228915046,0.7984040584000001,0,1910.4783212546,25.8050933571,71944.061078768,801.3015046519,7.5198336381,56.5478979452,0.022394593600000002,0.9188791441,0,1109.0641325586,6.7281646266,71665.1596959454,810.3162956469,10.6385964601,113.1797346415,0.0715809265,3.8100510317,0,1235.2854027941,1.1492147998,72472.6112859045,799.8893576569,42.7741836807,1829.6307895535,-0.6870979593000001,11.2994877003,0,1979.2804421915,16.4509459696,71619.1422844437
scrolling_down_20_1_jimmy_cleaned.csv,1,813.6930560181,22.3882215131,501.23246252,-3.0234148363,39.0955066179,0,1431.2568988095,1.1127222954,72792.3895572439,813.5655008349,6.250506298,39.0688289811,-0.12032529630000001,0.8111062923,0,1036.7143392406,3.6595728798,72762.2726976844,808.7195463181,5.9673312511,35.6090422606,0.037555600200000004,1.1708534299,0,1020.6617811308,3.6593978651,72328.8429537854,807.6491977749,21.7170913163,471.6320552404,-3.1257619347,41.1726489307,0,1378.874451316,4.3075059773,72251.2913613899
scrolling_up_20_7_jimmy_cleaned.csv,0,803.5702752955,10.5677883157,111.6781498854,0.1464541918,1.817273652,0,1183.7593840128,1.8818722643,71869.9765267051,803.7832265737,5.3745426982,28.8857092152,-0.0148766889,0.7677296178,0,1009.511786964,3.6225292077,71887.0763441523,805.0833918594,6.4771648456,41.9536644371,0.134628569,1.8598715984,0,1034.5944826981,3.1009977162,72003.7453498141,801.4993055339,10.5632854748,111.5830000211,-0.011654503600000001,2.1746256442,0,1179.1154981274,2.5642084611,71684.8054557539
scrolling_up_20_2_emily_cleaned.csv,0,815.0185692235,45.5405259319,2073.9395021586,0.6619220642,3.99445868,0,2174.9337981906,3.1638778417,72978.7726019328,606.3927119906,228.3710442417,52153.333848036,-0.0330393675,-0.0663407802,0,8633.7112954,67.9039401529,57309.0788266647,785.971467337,114.5369515905,13118.7132796439,-0.1357925349,0.49687554980000004,0,5110.2741391837,35.3162999079,70857.821484218,806.0592669846,44.4220754788,1973.3207898414,0.7225525951,5.6744417629,0,2158.3950419944,13.3077167715,72173.2516863
scrolling_down_20_1_emily_cleaned.csv,1,797.2113224919,57.3725352545,3291.6078015328,0.45185403900000004,9.3186535272,0,2758.0664593475,15.1345470016,71435.913810103,399.8262508003,288.6554924885,83321.9933437927,-0.39270181590000003,0.6874366061,0,10230.375352012,91.5992066796,42903.6162991702,589.2896899684,120.3036867412,14472.9770435314,-0.5444638694,8.2383840563,0,4788.0785455246,33.9767694845,53581.1753961899,803.6066095624,52.7603617871,2783.6557759027,1.1670437605,13.8199546767,0,2655.7928505066,30.3221165192,71982.5110033403
scrolling_down_20_1_brian_cleaned.csv,1,827.0157371746,70.7228853127,5001.7265069592,-0.1005223258,1.5998715903,0,2564.3307127349,23.4007384038,74196.1808626318,800.5415597545,9.3129128374,86.7303455178,0.0622034372,1.8410623690999999,0,1162.9671895822,3.0989683221,71598.0137608833,824.6233587067,69.5427690467,4836.1967266844,-0.143061501,1.2872348277,0,2872.9426110427,24.9552043965,73962.5608545833,825.9457739872,53.6939307688,2883.0382014083,-0.6966867235,15.8694834876,0,2184.299492176,20.498332263,73998.5245179914
scrolling_up_20_19_brian_cleaned.csv,0,804.4775566988,29.8399886846,890.4249246944,-0.0450461809,2.3229864685,0,1729.3611236975,51.0509515845,71983.3656682763,798.0157907877,5.493007478,30.1731311536,1.0185531599,8.183491101,0,1002.9526840734,10.1943382038,71371.346208136,803.0493346074,14.1832891698,201.1656916738,-0.5500906463,14.7223763352,0,1255.1875346219,14.0897978752,71827.1501531855,801.7459294111,33.1946457177,1101.884504326,-1.4777145662,18.9825892448,0,1818.2666201063,68.1547030566,71748.7293494946
scrolling_down_20_14_friend_cleaned.csv,1,802.8860716772,19.568007306,382.906909928,0.3811738418,6.0739140471,0,1429.2141156799,33.4831397742,71819.4164006473,803.7192241527,8.0181616576,64.2909163678,0.16404410260000002,0.7917472519000001,0,1136.8168667819,6.5995041814,71881.4206915298,801.5407504861,5.8473381015,34.1913628731,0.2803286003,1.9622765678,0,1036.6850339114,3.5293886818,71686.3960481426,800.8484945985,18.0443274703,325.5977538539,0.4401561728,8.1816052998,0,1361.1149380413,10.9790810215,71635.3147055555
scrolling_up_20_1_friend_cleaned.csv,0,803.8229126133,16.2756574683,264.8970260241,0.5505326993,2.2536963319,0,1357.6995620623,18.7696077706,71898.0233521558,804.2448274329,5.1592787716,26.6181574427,-0.037080146,0.39024759810000004,0,1013.3330759787,2.3239316601,71928.18650807,802.8320266526,4.7886406656,22.9310794246,-0.0605246132,0.2437429513,0,996.3394127645,1.5259150826,71801.8442495183,801.8468473683,45.2121761991,2044.1408766556,-2.1482758458,26.3770230659,0,1971.7695183923,0.8167340522000001,71806.1984853288
scrolling_up_20_3_jimmy_cleaned.csv,0,803.1022007713,14.9155347845,222.4731779082,-3.1362936514,39.2413520309,0,1201.8599133526,2.4623946522,71833.9770217984,804.14623551,4.0792185361,16.6400238651,-0.0052896171,0.7868921098,0,962.1133506353,0.5886374716,71919.516030982,804.2662536203,4.2648668768,18.1890894769,-0.1356367486,0.9259044890000001,0,960.413436278,0.5153003535,71930.3604485418,807.3758636105,11.1171518619,123.5910655205,0.2577442875,3.397169663,0,1176.5505266396,5.3555929809,72211.1529815016
scrolling_up_20_13_brian_cleaned.csv,0,809.9663415271,35.7778023402,1280.0511402944,0.23254091070000002,2.3237021252,0,1875.0460304747,26.2033569237,72491.9797405794,805.3164618426,8.008430704,64.1349623402,0.0414572789,3.5176792466,0,1104.3007411814,2.684571462,72024.7899348195,800.3960837783,14.46278678,209.1722014433,-0.7912862003000001,7.0755684636,0,1336.3876615475,5.8207950774,71588.8145165018,808.1180496431,31.1777833364,972.05417377,0.10087274040000001,7.4323792404,0,1697.3297824124,5.7095976349,72314.1257999921
scrolling_up_20_2_jimmy_cleaned.csv,0,803.3655103857,11.588323344500001,134.2892379377,0.050206002000000007,2.148823475,0,1188.0541235362,6.0326083104,71852.8486090308,803.8065895332,4.4926085068,20.1835311955,-0.1392815628,0.8483532307,0,972.1949143077,1.2061544771000001,71889.1963519618,803.4720769852,5.1255308398,26.2710663899,-0.20113430270000002,2.488931228,0,982.2116881875,2.7602548599,71859.476970121,796.2365951199,16.4050645317,269.12614229,0.3055057178,1.4753971114,0,1324.0057681564,5.5378683624,71220.3725910142
scrolling_up_20_1_mom_cleaned.csv,0,835.1535875718,237.0253558726,56181.0193265446,-0.2778184329,4.9751668929,0,5496.2350136326,29.0707948261,77453.4408076247,811.021589814,346.4016710831,119994.1177291952,-0.423456743,3.8617077687,0,8691.328339616,64.500002243,78398.6091239099,862.5451532366,207.7408998807,43156.2814832349,-0.1278103069,1.9953319589,0,7081.302352916,113.4410012833,79037.5567913518,818.6692967626,232.1098827143,53874.9976536605,-0.2617925505,5.2282976245,0,5465.7049074341,15.0868664116,75913.2894544192
scrolling_up_20_2_mom_cleaned.csv,0,819.0426259031,49.4756932422,2447.8442217933,0.2474587353,2.1355383368,0,2405.5113392115,25.7513740849,73351.4853666708,815.5700279116,133.7852220935,17898.4856506054,0.2029377994,12.8830924095,0,3284.915378089,29.0392091849,73848.595660984,787.0673431656,175.9695465683,30965.2813194565,0.3325994493,2.3855573721,0,6378.3872757797,105.3795006347,71852.6790207337,802.4889218677,50.5599998547,2556.3135853068,0.3296028288,1.7150901128,0,2303.8160201606,23.4692472338,71882.1823672388
scrolling_up_20_10_brian_cleaned.csv,0,809.7193007113,47.1259916584,2220.8590897914,0.1143192579,2.0950516512,0,2087.3139334977,17.107589945,72516.0019578914,804.4825783217,6.3958806423,40.9072891909,0.02692056,0.9547726867,0,1059.4600205348,4.2835911262,71949.5831291347,803.9160694528,10.7401766571,115.3513946262,-0.0749571064,1.3578513668,0,1204.8049388831,1.4966994539,71900.7615721848,805.7982999775,43.1931120985,1865.644932752,0.081245116,4.8886174886,0,1950.0404483188,6.9181362902,72149.8983924458
scrolling_down_20_7_jimmy_cleaned.csv,1,805.5256351186,7.9211193971,62.7441325028,0.0225742155,0.7178294255000001,0,1099.3027123198,2.8388504172999998,72043.4994605951,805.9613197013,4.3187545871,18.6516411833,0.021034973300000002,0.35938690970000003,0,971.4021391077,1.4612027738,72081.8615408805,805.5599279462,4.5997756428,21.157935964,-0.0073039738,0.13581018990000002,0,983.0964956464,2.0539201327,72045.9377321921,803.2290199456,9.0155952841,81.2809583259,0.23430925630000002,0.7942074933000001,0,1138.2751465738,1.0585164217,71838.4950005147
scrolling_down_20_3_sophia_cleaned.csv,1,812.2754355707,33.2910610433,1108.2947453898,-0.7446294864,7.0247367952,0,1795.6667450109,11.8687008086,72690.9340733883,753.8048431438,165.4096153117,27360.3408375564,1.1112067194,18.0292203905,0,4039.263415636,8.7944058471,68908.0086041941,698.927543609,209.2769240002,43796.8309189788,-0.09278290830000001,2.23725391,0,6637.5493677653,98.5531891709,64917.4204557883,802.9209584794,32.0372870191,1026.3877595415,-0.7414923718,7.2039039898,0,1747.0299554199,5.7418120421,71851.3360108679
scrolling_up_20_4_friend_cleaned.csv,0,802.4659958455,15.3620218354,235.9917148708,1.1314968392,7.0122107316,0,1347.5941474593,18.7671449375,71775.2400459088,804.2327226303,5.818625134,33.8563984499,0.0154716708,0.4199921656,0,1045.1414766314,2.1864559826,71927.0510574394,803.644188287,5.4346277611,29.535178902,0.0469257345,0.1547730545,0,1031.895399538,0.7498290309000001,71874.357699534,803.2281062354,14.7098054023,216.3783749723,0.8280347555,3.7309481683,0,1311.3167966205,10.6179279034,71842.9842368238
scrolling_up_20_3_mom_cleaned.csv,0,830.5965377464,266.1677921879,70845.2935981809,-0.2660475492,4.3174704422,0,9005.7604767627,210.8579435979,77490.0809772292,747.0039087044,494.1585212281,244192.6441023003,-0.6175380391,1.6618489143000001,0,15913.167963762,126.8841843166,78512.3350976703,807.375868805,245.0497130075,60049.3618450717,-0.2035878569,8.0586730959,0,8522.8442998556,93.2232473696,74983.6136677086,791.6267919319,254.0268154747,64529.6229802111,-0.2187656439,4.3257237569,0,8630.0836946406,195.0025138287,73858.499384138
scrolling_down_20_17_brian_cleaned.csv,1,797.2639793053,36.1070040452,1303.7157411196,0.14563795200000001,4.5209962465,0,1789.4368737983,18.6055584926,71360.109020864,798.7896123855,8.5609297974,73.2895189958,-0.1415654166,0.37314002820000003,0,1148.1079404418,3.2040088424,71440.7926177961,803.4592050963,10.9341087792,119.5547347964,-0.1364167631,6.6530508428,0,1184.3641578076,3.0349008374,71860.470036712,795.2946354697,33.0713653811,1093.7152081718,0.3568478671,1.8506881075,0,1767.4183968454,1.6262561105,71172.8411531829
scrolling_up_20_5_friend_cleaned.csv,0,803.1064086856,19.1906559587,368.2812761245,0.5291720012,2.3341496285,0,1414.1562393625,11.5113511824,71838.6057314138,803.7294617532,5.4607270455,29.8195398649,-0.1008334201,1.1211391219,0,1014.4385710407,1.4462462063000001,71882.2497032827,804.130153053,5.3673667293000005,28.808625607,-0.2866340328,1.9695694444,0,1008.3917369037,4.262112154,71918.1201832577,806.8378287084,18.0158976504,324.5725681493,0.45963719900000005,2.7375108535,0,1382.0687073553,18.690565958,72170.5230460415
scrolling_down_20_1_mom_cleaned.csv,1,823.495046805,42.9329700691,1843.239918955,0.2426674893,0.7660306442,0,2101.9658228007,23.3941678168,73725.6980481714,796.4503033733,110.2109277654,12146.4485989063,0.9604992633,10.6379655197,0,2868.1712227981,7.0471606644,71858.1778375076,759.3698749633,295.0937064598,87080.2955921746,1.526899029,11.1614137771,0,6894.8426578785,22.2160270323,72540.7284577399,813.3693137541,39.3737577239,1550.2927973039,0.21127897040000002,1.043971845,0,2046.0145010711,26.675173161,72806.3990402074
scrolling_down_20_16_brian_cleaned.csv,1,804.8190729159,41.1675461274,1694.7668541529,0.101561091,2.7536572122000003,0,1959.4209698428,8.4800708654,72052.6684485978,803.3801115935,6.141123195,37.7133940967,-0.1031603992,0.7886849621,0,1046.7458171497,1.6451355567000001,71850.9764879076,803.0577807596,10.3516712399,107.1570974586,-0.955351715,8.6206563764,0,1188.6837652662,8.4477086355,71823.802283345,806.5953843648,35.6747341904,1272.6866595579,0.096946609,3.1027452788,0,1855.7456071449,6.0610041107,72190.7566206354
scrolling_up_20_12_brian_cleaned.csv,0,824.1169617454,196.5719199008,38640.5196935002,0.0005844618,-0.7916419128000001,0,4022.7410494486,102.1523160373,75672.0107078524,805.6521705391,17.8660556289,319.1959437367,0.1129962164,-0.17341949580000002,0,1394.1674797815,10.6884123832,72063.9501036928,691.5864072583,211.1330700608,44577.1732733043,0.025549486200000002,-0.5587348910000001,0,5018.8438639034,230.3856059913,64480.3697641306,808.1462060793,85.4980514783,7309.9168065925,0.0766686673,-0.6426833721,0,2525.9617469177,55.3867801196,72642.2319659282
scrolling_down_20_9_brian_cleaned.csv,1,807.6560878114,48.4560758217,2347.9912840365,0.1737404787,1.1270983896,0,2042.9718032784,62.7007415509,72339.9937650146,804.0912639344,5.6708551497,32.1585981294,-0.2332708343,0.7597981741000001,0,1032.3374329706,5.3668047837,71914.4881226037,790.3506840796,14.684982903,215.6487228623,0.2681535565,12.4341193374,0,1248.6052910135,11.0842803878,70692.2880487145,804.812501174,39.2252888917,1538.6232886382,0.5660800049,3.9377024796,0,1794.7356787422,22.7683276562,72047.7041125977
scrolling_up_20_20_brian_cleaned.csv,0,808.097529896,44.6149285883,1990.4918529355,-1.0161003723,18.6887832118,0,1873.3683399092,3.0566534742,72364.2548361219,800.2154205439,4.8579061745,23.5992524002,-0.3148696127,1.6701796986000002,0,983.8549274685,5.1920837078,71567.9995117387,791.2797344481,19.2106690871,369.0498067751,-0.0901444517,2.8949264808,0,1441.1863025159,2.6990007186,70780.392458873,805.3072259693,52.7695132059,2784.6215239903,-1.3543899545,26.5115595589,0,2077.6296163822,25.9758114204,72153.4161930968
scrolling_down_20_6_jimmy_cleaned.csv,1,806.4529068665,10.470803714,109.6377304177,-0.46643718100000003,7.1846695363,0,1155.6749749355,1.61331654,72128.1618752676,806.6676905413,4.9990731685,24.9907325439,-0.1022452065,0.4461513037,0,999.513912501,1.5401600071,72145.0135249404,808.1677211652,6.0050471662,36.0605914682,0.0297613341,0.8679223756000001,0,1024.0629332765,1.7834805761,72279.4595168404,804.1580374584,8.9399125713,79.9220367822,0.0212837255,1.4528748615,0,1126.9302686433,1.6415338074,71921.6971310682
scrolling_down_20_4_friend_cleaned.csv,1,806.2055432664,45.0334824941,2028.0145455465,0.015157074900000001,8.6572730646,0,2311.211335805,175.0735577892,72184.6203457439,804.8722121011,7.9772007587000004,63.6357319446,-0.21520258250000002,1.8097552406,0,1120.9324466899,6.3369522322,71984.7675218125,803.0273866925,7.2464131546,52.5105036072,0.10026766720000001,1.0136465716,0,1091.5881711923,2.2972547208,71819.5818493032,792.8046394563,73.0823322659,5341.0272894242,-0.018039064400000002,1.3796972419,0,2554.7680815256,55.991553331,71165.3680387071
scrolling_up_20_15_brian_cleaned.csv,0,804.7339975314,58.9793021863,3478.5580863789,0.0427941238,5.3106736404,0,2259.2070931206,63.5382836098,72135.2578404395,801.6697945352,8.4669336211,71.6889649447,-0.2674368136,4.2456937346,0,1125.9631810086,2.6423205797,71698.6842466914,810.6340467796,127.781854065,16328.2022282851,0.5115897809000001,33.2163027736,0,3666.8287240464,25.3721374376,73308.8270204816,802.8803851143,53.0375899415,2812.9859467992,-0.4815984994,9.36971204,0,2093.3677001537,38.6129966727,71937.8494859987
scrolling_down_20_15_friend_cleaned.csv,1,803.2244124387,23.7925190739,566.0839638833,1.1442845254,5.8126091043,0,1556.3471808314,28.6279844534,71857.2302762937,803.8395397585,5.6268738584,31.6617094179,0.29942187530000003,3.2948795439,0,1013.16257072,2.890247875,71892.2166096714,800.9710576253,5.9420737511,35.3082404631,-0.2120558505,1.5634367034999999,0,1028.9849850856,3.1785311648,71635.6105700426,803.8038798408,23.4172052788,548.3655030674,0.39931273510000004,8.2131996108,0,1499.2819898398,10.860283545,71909.2758074392
scrolling_up_20_14_friend_cleaned.csv,0,806.274430462,35.0575264821,1229.0301630451,0.27378799930000003,-0.022999970800000002,0,1885.3607291819,48.4577083491,72158.8808458779,804.2703849585,6.1119890736,37.356410436,-0.0686193693,0.43128686260000004,0,1059.9601490905,4.0426127169,71930.3977145905,803.700162334,5.5737905115,31.0671406664,-0.0671529421,0.3335671937,0,1032.7764114615,3.2351777406,71879.4371599269,807.64555228,26.2662694239,689.9169094475,0.4102587012,0.7006930893000001,0,1643.7817352629,29.1307813873,72257.5070972296
scrolling_down_20_6_friend_cleaned.csv,1,806.7058345669,38.3344851631,1469.5327527183,0.4427979762,5.1515858157,0,1838.6215897272,12.5814492453,72211.9705542849,806.3625914607,6.2737590075,39.3600520841,0.2735658402,3.3358107006,0,1041.3935439355,6.8740747892,72117.9268407011,805.7986841159,6.4219653382,41.2416388049,0.1440496829,1.3681718278,0,1043.9641857755,5.4565472104,72067.5529293958,810.9319715266,66.120232903,4371.8851991436,0.2051041348,2.100470574,0,2256.9982776513,20.4774183156,72737.624157209
scrolling_down_20_12_brian_cleaned.csv,1,796.9390983917,58.0588643255,3370.8317267637,0.2316127144,0.5518024398,0,2277.3670322661,41.6786544476,71432.9916407354,800.67716663,10.1135886862,102.2846761135,0.08036044760000001,1.3598780317,0,1207.0792624852,4.2690247054,71610.2823348655,801.0874285202,22.1124824705,488.9618810062,-0.42393829,6.6982301353,0,1600.5087337081,4.8277195685,71660.8548856669,800.219642031,52.20149599,2724.9961835936,0.0532877276,3.0334861696,0,2173.9532079247,18.0231192058,71692.977172524
scrolling_down_20_6_brian_cleaned.csv,1,811.8933393021,37.3794341969,1397.2221008769,0.1663804444,0.4585470052,0,1810.5907810574,7.489730667,72672.3090030408,798.3299422283,6.3757115422,40.649697669,0.0927065831,2.4506352697000002,0,1027.6614320736,3.5629337969,71399.6823674925,814.360606761,8.9799222113,80.6390029212,-0.427475107,4.1749577134,0,1159.2689563725,4.6163275946999995,72833.8294312799,813.6870597501,34.3146377772,1177.4943657776,0.0998586519,6.7416949697,0,1775.1096763237,5.9501610543000005,72821.4309987594
scrolling_up_20_2_brian_cleaned.csv,0,809.2354185866,62.5752698038,3915.664391022,-0.6217559300000001,5.9148136642,0,2272.9633470345,53.381029683,72560.6693646542,803.9924472911,6.7631401139000005,45.7400641996,0.07307784440000001,0.2780552845,0,1068.9168698572,3.4664750815,71905.8699544603,803.0127590661,9.1962143247,84.5703579065,-0.4074606076,5.177867365,0,1150.5868597223,2.2062006387,71819.1378251963,807.5809126546,65.1372453869,4242.8607365983,-1.1104885455,9.204193342,0,2223.4496906627,31.9969810292,72432.6608539117
scrolling_up_20_6_jimmy_cleaned.csv,0,803.3399603564,11.6417437651,135.5301978929,0.1466885971,1.0637984175,0,1176.7222086446,0.5589625454,71850.8188272089,803.4065128212,5.1140998062,26.1540168274,-0.1293072888,0.43620431870000004,0,1001.3152403537,1.9493694503999999,71853.3421109879,804.8349279005,4.8120724512,23.1560412756,0.1605285504,0.3377459843,0,985.3087892522,2.9929098441,71981.167544806,803.8371560106,11.0244420657,121.5383228609,0.1525749218,0.5831128732,0,1210.2308630619,4.1088699923,71893.9560280821
scrolling_up_20_5_brian_cleaned.csv,0,808.6155377112,37.3269872125,1393.3039743612,-1.2669950753,13.9436664705,0,1870.035157617,34.9145478129,72377.6257528762,801.3752327108,6.2470497962,39.0256311567,-0.27905827910000003,2.9717357048,0,1020.9107904765,1.4256983301,71672.0867283771,800.7334688838,12.6075255047,158.9496993514,2.227639042,23.9162559263,0,1180.2828568422,9.5544129797,71618.9295965016,805.2274585353,38.2921458543,1466.2884341253,-2.2956058613,29.384985834,0,1957.4583260129,21.9870069639,72076.537638266
scrolling_up_20_13_friend_cleaned.csv,0,805.9513952302,35.4095772126,1253.8381583782,0.1573274281,-0.2527655207,0,1799.558438775,52.0319761292,72133.5722991853,804.1035145815,5.0861602859,25.8690264534,-0.1693218507,0.42588588380000003,0,1011.4030447462,1.4722721491000001,71915.5316153804,804.2701919237,4.8190410085,23.2231562415,0.058398478100000005,0.6980703759,0,1003.0218091576,2.5457509439,71930.4111083297,809.1539201466,26.7285448152,714.4151079374,0.3404369258,0.626095802,0,1610.7939756744,37.4021488526,72394.4782502478
scrolling_up_20_8_jimmy_cleaned.csv,0,803.2432720329,8.5494572078,73.0932185484,0.0665551931,0.7500625968,0,1103.9137203938,2.43305986,71839.8502203488,803.8108201093,5.3220507461,28.3242241445,-0.252979556,0.7978131970000001,0,997.9642399761,0.9504519748,71889.6745648743,804.7029846592,6.0609405466,36.7350003092,0.3892803823,3.1928773111,0,1023.5631493509,3.4554621332,71969.5860061921,803.480140569,9.4166185748,88.6727053824,0.0372305385,0.7514233650000001,0,1151.5895263688,1.4543011335,71861.1565788039
scrolling_down_20_13_friend_cleaned.csv,1,803.1490466937,40.618914668,1649.8962288051,0.09755140050000001,0.4393780889,0,1823.3226166106,52.8008297689,71904.521027614,804.3002827111,6.1455608825,37.767918560300004,0.0574951805,0.4498086987,0,1061.3436310741,1.9572809226,71933.0745445446,802.1663461704,5.7487841548,33.0485192587,-0.21663437470000002,1.4639808677000001,0,1035.5458662276,3.063729466,71742.3081263171,803.7527975747,28.152533805,792.5651596441,0.1686332626,1.5785742403,0,1623.4917276547,39.1003399903,71915.5927472954
scrolling_down_20_12_friend_cleaned.csv,1,803.380230926,40.9447365432,1676.4714505922,0.18385387790000002,1.2283717309,0,1835.5790016141,63.233040867,71926.345023252,803.3461578728,5.2600954059,27.6686036789,-0.1129390566,0.5910306993000001,0,1008.7245580441,3.458248401,71847.9240540629,800.7461788008,5.7542563168,33.1114657595,0.11951155070000001,0.2672357925,0,1030.3621197988,2.6901169659,71615.3527913487,808.3257650601,28.5689236394,816.1833979126,0.3512299037,2.244303625,0,1624.2298092501,35.8596613788,72325.7552204403
scrolling_up_20_1_brian_cleaned.csv,0,809.4269688315,36.6243301393,1341.3415581545,0.2903760309,-0.175088292,0,1861.8967409242,6.7249001804,72447.4904646336,803.9083956648,5.3335636494,28.4469012019,0.038978548,0.072318831,0,1020.608823944,3.1735004888000002,71898.0915835336,805.8293662285,8.4856096149,72.0055705373,0.0616579996,0.6006563505,0,1146.6138812533,2.1275516287,72070.4446286847,806.8849852855,31.9067282286,1018.0393062558,0.4034827401,0.9315601868000001,0,1805.9757752041,7.4421957255,72203.8003414173
scrolling_up_20_10_jjmmy_cleaned.csv,0,807.098038571,13.8489931514,191.7946113079,0.801825824,4.0124425628000004,0,1252.9516302652,2.6214148535,72188.7957250206,804.8589180147,4.917018813,24.1770740077,-0.0247700602,0.3399199572,0,998.9448720976,5.2552883956,71983.182235993,805.1248347299,6.2093591834,38.5561414682,-0.2309958149,4.3494711639,0,1025.7170152412,3.1950016049,72007.3906704773,805.3878901463,9.6458413751,93.0422558328,0.30576995900000004,5.2847112785,0,1181.4344090649,2.7664108598,72031.560350277
scrolling_up_20_11_brian_cleaned.csv,0,809.2500727124,59.0513599778,3487.0631152319,0.0276732163,3.7989151888,0,2324.5543402716,71.5896965659,72536.7141967295,803.860999564,6.9751946813,48.6533408415,0.2399663095,2.9296274614,0,1071.8712094147,1.9095920832000002,71894.2301102385,799.75848303,12.8803072178,165.9023140245,0.9207887785000001,11.2581176113,0,1218.5450128672,16.3728060238,71531.4703475959,807.4952476393,54.8837873699,3012.230116061,-0.1267891092,4.8692698453,0,2350.0701818119,74.6492835627,72353.0275698186
scrolling_up_20_9_friend_cleaned.csv,0,805.1246264826,23.8323714097,567.9819270087,0.6322041978,1.4013379717,0,1546.3943339199,16.0397518504,72027.4757668785,803.8600719842,7.632927309,58.2615793044,0.007687204,2.8139801838,0,1096.167037541,2.6130954963,71894.3153165932,802.6237561347,6.9934328677,48.9081032749,-0.1010600324,0.6574849972,0,1070.9040531659,4.0651925102,71783.5881780902,802.567654369,23.922393319,572.2809021084,0.7895789055,2.5134626743,0,1545.921385152,9.6873148573,71799.0704725489
scrolling_up_20_8_brian_cleaned.csv,0,808.126167578,29.5450851873,872.9120587227,0.1683380283,0.4909967576,0,1630.343005722,28.8816465126,72310.9094607127,804.1299515693,5.7186475517,32.7029298208,-0.3977561234,3.7547527148,0,1020.7497754778,5.091282079,71918.1443915137,805.9459918378,10.0656803793,101.317921499,-0.0695036531,2.1491451872,0,1184.7008662556,6.9704047429,72081.8871838614,807.0162822506,24.9143996822,620.7273115247,0.45332466650000003,2.6029517587,0,1607.3408529396,14.444422287,72198.2263749441
scrolling_up_20_6_friend_cleaned.csv,0,803.034424211,38.9396898374,1516.2994446329,0.1716730666,-0.29220862400000003,0,1729.5987074909,53.0849621706,71889.1623216698,804.1284215372,4.6876625823,21.9741804852,-0.06406791540000001,0.2114801443,0,989.2910857513,2.19353666,71917.8505046432,803.834282615,4.4457742366,19.7649085629,0.1086516653,0.5231236248,0,979.7722851078,3.4103240418,71891.5473267254,807.1243036987,26.7303371286,714.5109230093,0.2180836502,0.23229478950000002,0,1553.9269215769,27.0102745965,72214.2494038663
scrolling_down_20_11_brian_cleaned.csv,1,803.3031860029,60.5099388066,3661.4526943838,0.009238568800000001,1.931814316,0,2354.1093021321,77.8072083932,72014.6804383307,801.5233860364,7.4019469597,54.7888187938,-0.1487935562,0.36168692080000003,0,1102.5589482456,4.1629207253,71685.0090774451,805.9793720301,12.1393575319,147.3640012885,-0.1129302858,1.7427117848,0,1287.3281796079,5.1488697157,72085.6680340058,801.9115259722,55.2231272038,3049.5937781682,-0.600733771,7.1569982928,0,2086.9065081007,30.6541088643,71864.7012500152
scrolling_down_20_10_brian_cleaned.csv,1,802.7214714744,46.2777700163,2141.6319976827,0.12661721180000002,5.2031861722,0,2049.7075487076,23.9082410301,71887.5768088072,802.8618242651,7.3694413716,54.308666129,-0.1774161008,1.5762811712,0,1104.9228665495,4.7366145467,71804.6685904052,794.1820062969,14.0955186124,198.6836449518,0.2601721047,23.4195183449,0,1232.2749366648,3.0418655272,71034.296237537,805.3623919274,47.8068476693,2285.494684076,-0.0614340041,8.8441348275,0,2020.8176027753,17.451768444,72132.2856066699
scrolling_down_20_8_brian_cleaned.csv,1,808.247234929,38.6550302065,1494.2113602692,0.1875309278,-0.1594392447,0,1792.8620236903,39.4011426797,72352.2396653905,806.1918483508,12.581308251,158.2893173057,-0.1241991618,3.8965454805,0,1233.1450573736,4.6945212062,72106.226362877,810.0244790369,10.4247497041,108.6754063938,-0.0030020369,0.3642353649,0,1237.9205333525,3.6256304981,72446.215225093,806.6669700272,24.3443779007,592.648735374,0.6730090444,2.3516744221,0,1545.6301242123,17.0040838135,72166.7820331208
